truth,prediction
12.510299682617188,7.1320624351501465
59.890201568603516,61.8402214050293
87.64189910888672,93.45576477050781
103.72899627685547,106.99900817871094
114.81300354003906,116.9979248046875
121.79900360107422,124.00262451171875
107.70500183105469,102.50495910644531
26.767900466918945,58.64519119262695
10.753999710083008,11.368694305419922
11.302399635314941,9.664312362670898
7.962810039520264,6.459832191467285
5.436110019683838,5.890680313110352
1.0584900379180908,0.9995212554931641
2.095710039138794,2.7527732849121094
2.5529000759124756,3.7443079948425293
5.322710037231445,5.077031135559082
4.780749797821045,5.33528995513916
5.332499980926514,3.8069214820861816
1.979259967803955,2.1492061614990234
2.3309500217437744,1.1315231323242188
1.0693700313568115,1.3728790283203125
4.447120189666748,4.560683727264404
5.797379970550537,6.582215309143066
10.339500427246094,7.911945819854736
10.548100471496582,12.201650619506836
21.176700592041016,20.034515380859375
9.447819709777832,10.610885620117188
9.121109962463379,6.602027893066406
11.546099662780762,14.022329330444336
7.716919898986816,4.802850723266602
6.680349826812744,4.60567045211792
16.55270004272461,21.200088500976562
8.608960151672363,5.991991996765137
3.3528599739074707,0.5781068801879883
12.152000427246094,6.179706573486328
12.188599586486816,19.171382904052734
20.381000518798828,18.961698532104492
65.57720184326172,72.56855773925781
106.47000122070312,120.51870727539062
117.802001953125,86.49652862548828
94.61250305175781,93.21044921875
85.05139923095703,102.20318603515625
43.83639907836914,48.45841598510742
51.540199279785156,50.822296142578125
62.927398681640625,54.76560974121094
23.336299896240234,21.051321029663086
7.0832200050354,5.752766132354736
3.0236001014709473,0.19941329956054688
13.147500038146973,20.712921142578125
2.792289972305298,3.5538382530212402
19.400100708007812,21.337148666381836
10.330699920654297,24.945255279541016
9.342840194702148,17.707780838012695
38.000701904296875,19.46381950378418
18.355199813842773,9.92164134979248
9.964309692382812,11.284950256347656
10.351400375366211,5.6651930809021
15.127400398254395,5.984046936035156
1.8564000129699707,2.6148977279663086
16.034000396728516,14.650041580200195
66.75289916992188,71.36692810058594
88.63179779052734,99.01126098632812
102.99400329589844,101.88653564453125
113.27999877929688,100.05933380126953
83.80470275878906,78.37232971191406
121.0719985961914,102.60636901855469
119.4520034790039,104.33641052246094
43.70859909057617,81.01398468017578
45.45479965209961,9.593206405639648
13.963899612426758,12.205240249633789
47.82640075683594,41.49077606201172
27.8218994140625,22.827720642089844
10.811300277709961,3.4928526878356934
2.962480068206787,2.519516944885254
6.921480178833008,8.6449556350708
16.87380027770996,55.810420989990234
22.18910026550293,27.439598083496094
27.354700088500977,28.708473205566406
121.08699798583984,103.27532958984375
116.35800170898438,114.73776245117188
110.28500366210938,109.65172576904297
100.72100067138672,101.25343322753906
22.99370002746582,67.01636505126953
12.334099769592285,9.759124755859375
6.000030040740967,4.339113235473633
11.49899959564209,23.95478630065918
3.74003005027771,0.8600606918334961
3.79653000831604,2.7672858238220215
11.4266996383667,12.329839706420898
11.416399955749512,17.700489044189453
12.572799682617188,9.834667205810547
20.64579963684082,24.118864059448242
28.71579933166504,31.8306827545166
34.46689987182617,25.860986709594727
12.979900360107422,14.37330436706543
22.472999572753906,22.431528091430664
33.11259841918945,35.26371765136719
12.663100242614746,13.181447982788086
10.138999938964844,25.909008026123047
3.817460060119629,3.8600478172302246
5.755829811096191,1.2315673828125
10.584799766540527,8.831408500671387
64.77510070800781,66.81224060058594
92.52629852294922,101.64100646972656
110.38999938964844,112.27613067626953
120.35600280761719,125.10844421386719
126.63899993896484,111.91536712646484
122.98400115966797,129.18775939941406
122.62100219726562,125.89614868164062
109.04299926757812,107.34617614746094
97.05960083007812,93.08010864257812
77.19239807128906,76.36808776855469
52.82699966430664,46.0452880859375
30.118200302124023,26.706703186035156
12.621600151062012,4.440762519836426
1.4231499433517456,-1.2358732223510742
3.383470058441162,2.888784885406494
5.726679801940918,8.63543701171875
47.78010177612305,15.30333423614502
109.47699737548828,115.47895812988281
97.36139678955078,105.5947265625
29.300600051879883,79.40116882324219
19.180200576782227,29.69432258605957
28.162099838256836,33.09788131713867
92.94229888916016,54.632965087890625
19.638599395751953,32.534400939941406
10.835800170898438,12.601704597473145
6.1130900382995605,9.076698303222656
3.339790105819702,0.24699783325195312
2.4614100456237793,1.7106828689575195
2.661910057067871,3.5187177658081055
3.7123401165008545,3.160004138946533
4.70959997177124,5.503525257110596
8.020079612731934,5.731967926025391
5.332190036773682,6.507262229919434
5.622859954833984,6.143438816070557
5.382669925689697,5.095337390899658
5.410019874572754,4.43646240234375
7.069580078125,4.893608093261719
5.340410232543945,2.4210634231567383
5.372570037841797,3.4512147903442383
1.7998499870300293,0.9414796829223633
1.5251699686050415,2.567713737487793
2.976449966430664,2.2724103927612305
4.636260032653809,3.6076669692993164
5.974999904632568,5.3939337730407715
7.758450031280518,6.447937488555908
8.939949989318848,6.915987968444824
9.235989570617676,6.933736324310303
8.561980247497559,5.841602325439453
8.808719635009766,4.619351863861084
8.14861011505127,5.310758113861084
6.234710216522217,4.66312837600708
3.010629892349243,2.049224853515625
1.0157400369644165,-0.3065786361694336
1.3078999519348145,1.9432640075683594
5.233920097351074,5.535329818725586
5.298880100250244,4.920992374420166
3.411940097808838,4.985169410705566
4.406579971313477,6.898944854736328
5.629960060119629,7.801636219024658
13.38290023803711,9.774255752563477
12.496899604797363,10.046886444091797
12.811599731445312,11.076396942138672
3.5784199237823486,4.4749274253845215
10.578200340270996,4.222609519958496
13.416299819946289,9.632306098937988
1.8808000087738037,1.716562271118164
2.952670097351074,9.612748146057129
9.79004955291748,12.478252410888672
19.991199493408203,12.613166809082031
22.627599716186523,12.302978515625
39.51070022583008,26.788352966308594
49.449798583984375,77.55903625488281
135.29600524902344,50.90896224975586
22.313400268554688,48.634666442871094
56.33430099487305,69.42588806152344
11.227299690246582,24.871158599853516
13.240599632263184,9.053812026977539
7.000400066375732,1.558424949645996
3.3433799743652344,2.0642166137695312
2.880280017852783,1.3725042343139648
52.73059844970703,37.48676300048828
81.4468994140625,97.65982818603516
69.27290344238281,57.2003288269043
50.190799713134766,93.61246490478516
20.11009979248047,31.90652847290039
137.4320068359375,125.30024719238281
23.399999618530273,42.943572998046875
42.40119934082031,92.47052001953125
79.2531967163086,78.97511291503906
17.436800003051758,19.28242301940918
50.34000015258789,26.780563354492188
52.54800033569336,54.220367431640625
6.934150218963623,4.535159111022949
4.498149871826172,1.85284423828125
1.8028899431228638,0.16237735748291016
21.714099884033203,27.498287200927734
13.14579963684082,22.106426239013672
10.230600357055664,11.635183334350586
19.58839988708496,17.467134475708008
63.757999420166016,79.36546325683594
113.97899627685547,99.48390197753906
153.76100158691406,127.64024353027344
35.960601806640625,85.59156799316406
20.548200607299805,25.47454261779785
15.167499542236328,12.521883010864258
24.356700897216797,17.665557861328125
24.134300231933594,28.558555603027344
9.846699714660645,8.763311386108398
5.079080104827881,0.8373613357543945
2.1508500576019287,1.1343040466308594
1.0547300577163696,0.41458797454833984
13.120599746704102,6.891059875488281
96.40689849853516,75.65103149414062
116.34200286865234,128.32723999023438
125.53299713134766,126.22544860839844
126.98100280761719,130.07992553710938
138.0399932861328,137.71669006347656
139.95199584960938,140.68896484375
132.32400512695312,132.30996704101562
120.14800262451172,120.27061462402344
103.80000305175781,100.64488220214844
84.03399658203125,78.75125885009766
61.140098571777344,55.420875549316406
37.9296989440918,32.89120864868164
17.578399658203125,10.692804336547852
2.6606500148773193,-0.6107912063598633
3.0674099922180176,0.9483861923217773
30.537599563598633,32.347381591796875
83.00900268554688,70.45364379882812
113.43900299072266,124.42060089111328
124.76000213623047,130.0934295654297
136.08299255371094,135.18931579589844
153.71099853515625,87.67050170898438
105.81400299072266,98.4298095703125
127.36699676513672,105.0717544555664
115.90799713134766,103.89103698730469
101.04399871826172,92.00247192382812
81.71720123291016,77.2791748046875
29.021699905395508,44.324485778808594
15.557000160217285,29.53165626525879
8.380510330200195,1.2775726318359375
8.985219955444336,5.657956123352051
59.569698333740234,56.97586441040039
92.1603012084961,101.3832778930664
111.38700103759766,114.5067138671875
122.91500091552734,129.29034423828125
125.93099975585938,137.04527282714844
141.1909942626953,138.70977783203125
134.33099365234375,115.96649169921875
127.76899719238281,131.3492431640625
102.99800109863281,95.22430419921875
87.56060028076172,82.73527526855469
89.70429992675781,87.6466064453125
54.15299987792969,55.62517547607422
12.695699691772461,13.151569366455078
13.159600257873535,9.451163291931152
1.6474900245666504,-0.864232063293457
1.5591800212860107,2.090818405151367
3.0119500160217285,2.45419979095459
3.6919400691986084,3.862895965576172
5.68848991394043,5.244339466094971
7.6605401039123535,8.166460990905762
4.046870231628418,5.4504876136779785
4.3196001052856445,4.424776554107666
5.273210048675537,3.2230710983276367
7.113140106201172,6.6451191902160645
7.434510231018066,4.874161720275879
8.723589897155762,7.147727966308594
1.7514100074768066,1.9062108993530273
1.0559799671173096,0.4420194625854492
1.326490044593811,2.1415443420410156
2.213330030441284,3.4914937019348145
5.44625997543335,2.7527174949645996
3.798190116882324,3.748015880584717
7.729959964752197,6.391385078430176
16.6156005859375,11.707500457763672
18.92889976501465,13.469278335571289
24.4596004486084,22.757530212402344
13.331399917602539,12.95305061340332
8.617520332336426,7.980819225311279
6.504749774932861,4.233819007873535
4.0764899253845215,1.8071508407592773
3.3685600757598877,4.511670112609863
6.1839599609375,2.8995795249938965
32.20669937133789,41.543060302734375
18.07699966430664,9.375438690185547
57.368499755859375,43.75336456298828
66.20860290527344,78.36280059814453
127.54199981689453,113.30844116210938
20.620500564575195,60.53334045410156
131.79600524902344,120.25646209716797
28.635400772094727,48.634178161621094
81.40769958496094,90.64659118652344
93.24970245361328,46.51958084106445
83.4229965209961,50.967185974121094
12.58530044555664,18.209423065185547
9.344599723815918,4.2990031242370605
13.167699813842773,22.975793838500977
2.6555800437927246,1.5129518508911133
1.2797399759292603,2.126649856567383
3.2141499519348145,2.845330238342285
4.639249801635742,4.589783191680908
2.186650037765503,3.562046527862549
5.026179790496826,5.99126672744751
3.6508400440216064,5.557757377624512
2.1555800437927246,3.788440704345703
5.306839942932129,4.230178356170654
11.419099807739258,10.242210388183594
7.603240013122559,5.08915901184082
9.252670288085938,10.41518497467041
9.656169891357422,7.463411808013916
6.510280132293701,2.1291303634643555
3.938469886779785,4.326117038726807
2.630690097808838,0.09881973266601562
9.03538990020752,9.952274322509766
37.21289825439453,37.536468505859375
21.50659942626953,25.710725784301758
19.43440055847168,25.704906463623047
37.92850112915039,31.042831420898438
36.553199768066406,27.319719314575195
42.695098876953125,47.75086975097656
13.513500213623047,15.286043167114258
11.463600158691406,10.000794410705566
17.369600296020508,18.027482986450195
16.814300537109375,16.40655517578125
7.649400234222412,3.546295166015625
10.052200317382812,9.911836624145508
12.513299942016602,15.361144065856934
3.7839601039886475,0.734527587890625
1.889549970626831,1.326181411743164
6.187530040740967,6.491437911987305
4.283170223236084,6.77867317199707
12.059399604797363,13.514931678771973
4.872509956359863,6.512260437011719
10.949199676513672,12.880162239074707
8.25747013092041,7.48088264465332
10.47659969329834,8.95868968963623
12.227899551391602,9.622893333435059
13.197699546813965,8.586654663085938
13.56309986114502,9.081742286682129
7.41510009765625,6.953617572784424
4.478690147399902,2.507683753967285
3.622030019760132,1.3299694061279297
9.937049865722656,8.417057037353516
49.253501892089844,50.06151580810547
83.26190185546875,90.74433898925781
107.83499908447266,111.15245056152344
126.08499908447266,129.48529052734375
137.76400756835938,141.000244140625
136.8070068359375,142.76788330078125
139.4029998779297,140.74559020996094
131.5749969482422,133.1864013671875
119.21900177001953,119.18301391601562
104.84600067138672,104.85455322265625
87.03679656982422,82.78181457519531
66.73829650878906,59.260581970214844
43.88180160522461,43.40647888183594
22.137100219726562,16.007566452026367
5.544280052185059,1.370504379272461
5.671529769897461,6.321079730987549
11.321700096130371,11.47743034362793
14.641300201416016,13.166029930114746
17.18670082092285,16.74961280822754
31.595800399780273,35.425941467285156
32.49919891357422,29.88706398010254
45.98569869995117,40.534942626953125
41.45589828491211,44.47372055053711
30.711599349975586,44.70691680908203
22.1476993560791,21.4224910736084
11.043000221252441,10.02000617980957
11.059700012207031,10.053262710571289
9.524900436401367,5.095707893371582
3.4119200706481934,1.2775726318359375
1.3087600469589233,1.0787830352783203
4.03918981552124,4.511791706085205
5.658609867095947,6.122746467590332
8.016389846801758,8.755640029907227
10.091099739074707,8.892800331115723
9.560400009155273,10.82840347290039
7.013740062713623,7.620546340942383
9.94713020324707,7.816044330596924
12.668100357055664,10.315570831298828
11.268099784851074,8.420977592468262
7.402910232543945,5.633693218231201
9.007189750671387,5.141953468322754
7.381499767303467,6.571040153503418
6.304120063781738,5.190091609954834
3.732379913330078,2.5487136840820312
3.7966599464416504,4.279496669769287
7.081110000610352,5.1158552169799805
11.530599594116211,11.100900650024414
2.4702799320220947,6.601776123046875
5.334750175476074,6.098535060882568
8.716320037841797,6.629897117614746
12.125300407409668,6.824286460876465
2.558079957962036,2.889631748199463
8.387720108032227,6.152884483337402
3.0839500427246094,7.726710319519043
3.404059886932373,5.513421535491943
6.901450157165527,9.448747634887695
28.99250030517578,15.630563735961914
144.9199981689453,108.29029083251953
96.58180236816406,138.20870971679688
148.9340057373047,137.60787963867188
146.7449951171875,143.7493896484375
141.2550048828125,141.34951782226562
129.3280029296875,127.32478332519531
112.54499816894531,111.94413757324219
85.53610229492188,92.58367919921875
37.171600341796875,51.26719665527344
12.719599723815918,8.198355674743652
10.938300132751465,8.287322998046875
4.938640117645264,1.5627622604370117
5.3602800369262695,6.435065746307373
8.194689750671387,11.195938110351562
5.93120002746582,8.517475128173828
9.635279655456543,10.784175872802734
22.08340072631836,18.74065399169922
26.615299224853516,28.467819213867188
17.178800582885742,16.4080867767334
17.273500442504883,15.432729721069336
14.266900062561035,11.949385643005371
8.137980461120605,6.724102020263672
7.867889881134033,6.05570125579834
21.217300415039062,19.282920837402344
5.6561198234558105,8.086397171020508
1.771690011024475,0.45159244537353516
12.29990005493164,16.592082977294922
50.10089874267578,49.188262939453125
35.445701599121094,47.004493713378906
28.26650047302246,26.377779006958008
28.079099655151367,29.293642044067383
25.927499771118164,29.63561248779297
49.50659942626953,41.099979400634766
34.38249969482422,36.24688720703125
33.68949890136719,42.517120361328125
74.67009735107422,95.31459045410156
74.21389770507812,67.54513549804688
19.73390007019043,23.628374099731445
16.638500213623047,18.268360137939453
4.661349773406982,3.311568260192871
9.00333023071289,3.4974589347839355
8.200149536132812,9.539531707763672
2.6376800537109375,0.7465238571166992
8.010660171508789,7.130224227905273
45.52619934082031,33.14815139770508
26.185800552368164,34.45052719116211
57.480499267578125,82.90019226074219
140.9669952392578,116.46914672851562
152.4219970703125,126.09867858886719
153.26100158691406,112.78058624267578
148.6230010986328,149.14816284179688
140.98500061035156,142.32574462890625
134.7010040283203,130.45932006835938
40.643001556396484,60.61731719970703
16.069000244140625,20.437253952026367
13.593700408935547,14.182099342346191
11.952699661254883,12.805295944213867
11.131500244140625,11.322900772094727
3.5956099033355713,0.7731771469116211
1.0674099922180176,0.872406005859375
9.746649742126465,11.986150741577148
11.124899864196777,14.155233383178711
24.566600799560547,34.65005874633789
12.203900337219238,19.306781768798828
18.102800369262695,25.76729965209961
20.66160011291504,22.155712127685547
11.88129997253418,14.176403045654297
23.45840072631836,22.307558059692383
10.514699935913086,13.607009887695312
23.820899963378906,9.169723510742188
22.224700927734375,22.26976203918457
12.635499954223633,11.176443099975586
12.788700103759766,6.3388895988464355
5.179299831390381,4.338712692260742
5.17218017578125,1.3128118515014648
1.9988199472427368,0.24978160858154297
2.685120105743408,3.1716957092285156
13.97089958190918,14.525611877441406
15.248299598693848,15.839021682739258
26.673099517822266,23.470487594604492
111.8550033569336,119.05619812011719
101.62999725341797,86.5664291381836
15.916899681091309,34.471214294433594
11.771100044250488,12.262041091918945
21.760400772094727,25.921628952026367
19.09910011291504,22.735179901123047
14.149800300598145,12.847522735595703
31.5231990814209,38.58735275268555
10.24940013885498,14.770998001098633
10.668299674987793,9.856295585632324
14.794699668884277,14.999656677246094
12.504799842834473,11.987539291381836
4.265200138092041,1.6548271179199219
3.775439977645874,2.201122283935547
23.25189971923828,18.30440330505371
27.940099716186523,66.6593017578125
43.57080078125,42.85570526123047
23.378000259399414,29.04598617553711
14.489399909973145,13.879697799682617
10.26550006866455,11.147392272949219
16.169300079345703,11.314373016357422
10.361300468444824,12.028581619262695
10.660099983215332,10.416385650634766
18.055599212646484,21.767431259155273
16.516700744628906,13.655951499938965
11.601799964904785,8.882879257202148
21.522300720214844,19.761428833007812
11.733099937438965,14.043557167053223
6.960569858551025,2.450826644897461
7.228340148925781,5.29793643951416
2.6168899536132812,0.3141031265258789
5.167369842529297,5.572009563446045
11.595199584960938,14.813652038574219
9.053350448608398,11.26425552368164
3.4936699867248535,6.332569599151611
2.8099000453948975,4.017035007476807
1.7954299449920654,5.828774929046631
4.135970115661621,5.567770957946777
6.1177802085876465,6.060384750366211
5.239260196685791,5.769372940063477
9.098640441894531,5.725576400756836
12.556099891662598,9.867134094238281
9.017350196838379,7.9381585121154785
7.820650100708008,7.195896148681641
5.20005989074707,3.774496078491211
4.644629955291748,4.005882740020752
2.77239990234375,2.420825958251953
6.9467902183532715,8.631013870239258
13.356300354003906,14.135465621948242
21.826000213623047,21.939456939697266
66.41829681396484,42.483272552490234
72.41310119628906,108.66492462158203
72.63079833984375,116.66023254394531
106.03900146484375,119.18106079101562
78.75509643554688,102.09683990478516
85.73139953613281,92.61215209960938
52.74549865722656,44.411624908447266
59.28689956665039,66.08184814453125
49.915000915527344,51.236236572265625
29.54800033569336,28.542469024658203
16.78219985961914,12.804489135742188
9.65664005279541,5.26761531829834
2.8266499042510986,0.6458930969238281
1.9407199621200562,1.670027732849121
6.32882022857666,9.366165161132812
8.002799987792969,7.5705084800720215
4.775440216064453,6.871860980987549
4.200789928436279,5.094875335693359
9.88131046295166,8.0850830078125
4.337279796600342,7.473089218139648
13.246000289916992,8.330065727233887
9.656550407409668,7.3305888175964355
17.103700637817383,24.777484893798828
3.785599946975708,4.406657695770264
4.886300086975098,4.272770404815674
3.5296199321746826,2.299530029296875
1.876710057258606,0.9947147369384766
2.3492801189422607,2.4910411834716797
5.0124101638793945,5.367814064025879
8.94120979309082,9.726079940795898
21.822799682617188,16.658458709716797
11.14799976348877,13.147610664367676
22.765600204467773,25.373878479003906
35.43190002441406,52.97626876831055
39.36589813232422,26.964889526367188
21.481300354003906,23.836660385131836
10.368499755859375,16.508644104003906
30.70549964904785,26.908729553222656
17.078500747680664,14.358842849731445
7.585820198059082,6.462367057800293
12.449899673461914,8.42524528503418
5.820119857788086,3.4983572959899902
3.7360999584198,1.3728446960449219
1.2482000589370728,-0.458038330078125
1.2160899639129639,0.8555717468261719
13.81659984588623,16.710529327392578
23.941999435424805,23.015518188476562
37.955501556396484,46.12327575683594
49.628700256347656,40.89073944091797
63.90399932861328,50.19704818725586
87.98519897460938,81.99140167236328
49.479000091552734,45.946922302246094
77.54789733886719,99.53519439697266
129.38800048828125,77.20500183105469
124.43299865722656,110.71307373046875
38.019500732421875,116.05665588378906
80.6532974243164,67.93814086914062
38.772499084472656,35.74632263183594
52.85029983520508,25.112794876098633
35.98249816894531,31.739086151123047
12.621000289916992,10.76654052734375
3.995500087738037,1.105184555053711
2.1220500469207764,2.05242919921875
3.4332399368286133,4.958407402038574
10.023900032043457,13.300760269165039
4.262119770050049,5.363053321838379
9.332289695739746,13.282136917114258
9.736729621887207,39.847862243652344
16.19729995727539,26.045696258544922
62.00199890136719,50.013206481933594
21.118099212646484,26.47930145263672
15.411399841308594,10.862329483032227
51.84830093383789,20.301790237426758
99.60130310058594,60.12236785888672
43.475799560546875,33.399497985839844
30.152700424194336,29.61077880859375
56.12929916381836,41.77557373046875
13.977899551391602,10.108695030212402
6.4305100440979,2.095879554748535
5.1626200675964355,5.112400531768799
12.298299789428711,26.062379837036133
92.88369750976562,91.85128784179688
119.21900177001953,117.78224182128906
139.218994140625,139.5498504638672
153.86300659179688,156.96597290039062
160.63800048828125,163.56045532226562
163.7480010986328,164.9921875
161.2169952392578,161.43765258789062
156.9969940185547,157.42642211914062
146.63400268554688,136.5526123046875
96.21620178222656,131.01312255859375
103.74199676513672,76.89454650878906
93.0719985961914,90.00830078125
78.32869720458984,56.245296478271484
47.19940185546875,32.774635314941406
18.11090087890625,12.682441711425781
6.645750045776367,1.3400659561157227
2.3396100997924805,2.5931053161621094
7.577640056610107,7.825841903686523
11.371299743652344,13.340506553649902
20.18120002746582,24.375247955322266
22.278900146484375,27.14599609375
32.382198333740234,28.535999298095703
31.140499114990234,32.4254264831543
22.603200912475586,20.739402770996094
40.11309814453125,42.79860305786133
49.312198638916016,46.60380554199219
44.09590148925781,40.9565315246582
40.78340148925781,45.156471252441406
14.24590015411377,17.132404327392578
9.934189796447754,6.933809280395508
1.8133399486541748,1.499359130859375
2.000999927520752,0.24982452392578125
1.4431300163269043,0.722966194152832
4.312809944152832,4.922997951507568
2.9264299869537354,5.614126682281494
5.025619983673096,7.648293972015381
5.4031901359558105,8.927244186401367
30.896900177001953,21.771020889282227
15.052599906921387,17.37117576599121
18.335500717163086,21.62346649169922
45.15039825439453,43.930667877197266
61.851200103759766,47.191001892089844
48.44089889526367,54.4566764831543
28.609800338745117,27.940509796142578
47.85049819946289,56.22556686401367
28.559799194335938,25.287582397460938
17.097200393676758,17.644189834594727
11.476400375366211,8.258352279663086
6.459390163421631,3.4089460372924805
1.0712599754333496,0.020147323608398438
1.89028000831604,2.4827613830566406
4.851170063018799,3.420710563659668
2.6636199951171875,6.954720497131348
2.8471200466156006,2.8258509635925293
7.068260192871094,15.106327056884766
5.72967004776001,7.112481594085693
7.599669933319092,8.737109184265137
49.65850067138672,44.370216369628906
17.03459930419922,15.25235652923584
8.080140113830566,11.080707550048828
1.879729986190796,4.03401517868042
4.109360218048096,2.939150333404541
6.759590148925781,5.91348123550415
1.075850009918213,-0.41960906982421875
8.188240051269531,7.927732944488525
9.85161018371582,15.749350547790527
4.964139938354492,10.83432388305664
16.836999893188477,21.674110412597656
18.327800750732422,23.251588821411133
24.36079978942871,29.345935821533203
20.065200805664062,20.319849014282227
34.316001892089844,37.897300720214844
39.345699310302734,30.547456741333008
34.471900939941406,34.119140625
49.128501892089844,35.30110168457031
49.12810134887695,33.9868278503418
51.15549850463867,51.68952178955078
97.50240325927734,84.78964233398438
59.59370040893555,64.50639343261719
37.90629959106445,50.87868118286133
9.99860954284668,3.247804641723633
4.390749931335449,-0.861720085144043
1.2026100158691406,0.7261533737182617
11.60569953918457,11.413350105285645
74.46759796142578,61.9317741394043
54.46839904785156,106.20448303222656
49.991798400878906,58.99613571166992
57.08599853515625,75.2186050415039
65.76820373535156,78.94802856445312
31.078100204467773,64.7415771484375
42.50859832763672,56.20232391357422
25.910200119018555,33.847267150878906
8.603989601135254,11.606160163879395
58.986698150634766,95.91587829589844
14.3641996383667,6.837568759918213
12.26710033416748,13.928698539733887
3.3554699420928955,8.199989318847656
3.5284500122070312,5.336710453033447
6.394000053405762,4.139462471008301
1.2226300239562988,0.16013431549072266
2.7667899131774902,1.633744239807129
29.58370018005371,55.058109283447266
23.37649917602539,61.87922286987305
10.893099784851074,9.48703384399414
21.3218994140625,27.391862869262695
18.198200225830078,34.7176399230957
94.77349853515625,118.36698913574219
50.85490036010742,105.74516296386719
17.020999908447266,55.47905731201172
40.022701263427734,46.87451171875
66.02559661865234,70.01151275634766
113.91100311279297,96.18569946289062
31.04520034790039,26.197134017944336
20.09910011291504,18.789112091064453
24.373899459838867,30.987791061401367
17.634700775146484,10.871225357055664
5.485620021820068,1.3620529174804688
1.7077200412750244,-0.16573333740234375
18.21030044555664,20.070354461669922
35.1338005065918,38.491981506347656
74.22329711914062,85.51475524902344
32.88010025024414,41.26039123535156
140.3679962158203,112.61985778808594
144.50100708007812,113.09707641601562
106.84600067138672,120.42124938964844
126.27100372314453,105.91477966308594
100.24400329589844,132.89260864257812
79.29779815673828,124.95046997070312
44.590301513671875,42.8337287902832
37.20209884643555,28.552202224731445
40.0181999206543,53.66566467285156
35.47760009765625,34.727256774902344
27.337299346923828,35.56840515136719
13.217499732971191,14.1487398147583
7.1568498611450195,6.138632297515869
2.869529962539673,0.6018562316894531
3.5339300632476807,4.069973945617676
5.716209888458252,7.747740268707275
10.499799728393555,13.344869613647461
15.76159954071045,14.992603302001953
24.20330047607422,30.493120193481445
181.79299926757812,144.46612548828125
33.667598724365234,38.03822326660156
32.65599822998047,32.087276458740234
27.421499252319336,20.35049057006836
28.552400588989258,21.608537673950195
37.132598876953125,47.23002624511719
8.354940414428711,12.7261962890625
6.772049903869629,8.234016418457031
9.603010177612305,7.911947250366211
6.472650051116943,6.707791328430176
3.0258901119232178,2.112605094909668
2.495419979095459,1.9190053939819336
2.44953989982605,-0.128265380859375
1.3949300050735474,-0.2648792266845703
2.0752899646759033,1.8367424011230469
4.7718000411987305,4.587090969085693
7.345870018005371,7.659440517425537
12.017800331115723,11.564750671386719
4.82066011428833,7.04502010345459
5.514200210571289,4.178565502166748
8.305159568786621,7.915886878967285
15.120100021362305,11.885377883911133
15.571800231933594,12.268421173095703
19.936100006103516,20.206958770751953
41.50559997558594,46.3821907043457
37.84479904174805,52.06710433959961
71.85379791259766,46.90342712402344
74.0250015258789,69.2406005859375
16.08370018005371,18.654756546020508
9.869790077209473,6.565309524536133
5.030829906463623,0.5492706298828125
2.866489887237549,0.36493492126464844
2.417829990386963,1.6893796920776367
2.4085099697113037,0.5858345031738281
7.476480007171631,5.857631206512451
6.361839771270752,13.333959579467773
16.426000595092773,17.328218460083008
23.764299392700195,21.047283172607422
18.752599716186523,22.68821907043457
19.209800720214844,17.352163314819336
14.477299690246582,13.283041000366211
17.37689971923828,14.85567569732666
22.02829933166504,19.075706481933594
25.684600830078125,20.884029388427734
21.933399200439453,19.778564453125
20.02589988708496,20.33849334716797
40.59149932861328,31.503700256347656
6.509530067443848,4.717464923858643
4.405930042266846,1.5840654373168945
1.2664799690246582,1.000096321105957
52.10879898071289,24.25560760498047
20.677499771118164,50.574222564697266
107.0199966430664,73.85295104980469
80.06950378417969,71.2765884399414
95.4280014038086,58.689353942871094
32.11970138549805,32.06352233886719
82.28489685058594,92.96047973632812
135.9600067138672,152.42872619628906
63.94179916381836,92.34803771972656
182.51699829101562,154.09588623046875
39.88719940185547,78.19825744628906
145.72500610351562,87.14460754394531
129.29100036621094,107.14666748046875
11.4375,16.852313995361328
23.13599967956543,22.719722747802734
22.550500869750977,22.362518310546875
21.23940086364746,15.44442367553711
9.809900283813477,11.7774658203125
6.717360019683838,3.2057132720947266
3.433029890060425,2.279233932495117
57.063899993896484,52.17407989501953
99.61299896240234,104.21408081054688
145.28500366210938,140.28353881835938
43.38800048828125,75.46749114990234
44.898399353027344,37.902835845947266
101.10399627685547,70.74533081054688
136.73599243164062,119.11526489257812
60.587501525878906,62.588645935058594
33.77629852294922,43.371429443359375
143.4929962158203,116.74536895751953
39.7484016418457,94.62724304199219
77.42960357666016,140.82168579101562
104.83799743652344,119.02970123291016
128.18699645996094,75.45730590820312
62.160301208496094,72.23406982421875
53.723899841308594,49.32862091064453
21.14889907836914,20.660737991333008
6.194029808044434,1.4704198837280273
2.829580068588257,0.9506549835205078
3.402329921722412,1.9829177856445312
32.20069885253906,32.08217239379883
11.842300415039062,11.924341201782227
14.36139965057373,19.955385208129883
34.49259948730469,45.145835876464844
20.917400360107422,23.766084671020508
24.034400939941406,32.73652267456055
31.552799224853516,21.395458221435547
61.5192985534668,36.97629928588867
176.10400390625,148.67393493652344
165.2010040283203,172.33851623535156
139.5189971923828,134.81768798828125
98.77570343017578,44.709720611572266
52.51210021972656,85.06077575683594
65.86949920654297,63.639564514160156
42.29029846191406,44.02069854736328
19.154300689697266,16.00185775756836
12.93589973449707,9.06757926940918
11.208200454711914,7.463770866394043
3.3194899559020996,0.40198230743408203
3.9344499111175537,3.523052215576172
66.54620361328125,70.22343444824219
106.53600311279297,103.38160705566406
129.79800415039062,133.6727294921875
152.08200073242188,155.78842163085938
165.27499389648438,166.20240783691406
129.37600708007812,174.1798095703125
133.99000549316406,163.26840209960938
43.69889831542969,56.67316818237305
45.26689910888672,80.70100402832031
139.46299743652344,95.80924987792969
155.91900634765625,105.95059204101562
99.13909912109375,69.30705261230469
60.25469970703125,90.58016967773438
30.52519989013672,47.8572998046875
55.253501892089844,41.48395538330078
33.790000915527344,41.30506896972656
13.690299987792969,10.009384155273438
14.491100311279297,5.7816481590271
4.608699798583984,2.4072818756103516
2.885200023651123,3.7706050872802734
7.90310001373291,11.243794441223145
11.383000373840332,15.487480163574219
22.067899703979492,30.067554473876953
13.791099548339844,18.58733558654785
19.99169921875,19.7293643951416
45.900001525878906,26.465587615966797
64.42829895019531,89.8022232055664
30.774599075317383,24.003856658935547
32.601898193359375,39.83732223510742
18.962799072265625,18.148441314697266
22.355899810791016,25.388423919677734
23.405899047851562,27.02338409423828
26.84589958190918,37.02306365966797
18.907400131225586,18.38895034790039
4.963200092315674,5.598718643188477
9.952919960021973,9.832240104675293
5.423830032348633,6.033908843994141
3.283979892730713,0.35715579986572266
1.6152199506759644,1.427358627319336
3.5115199089050293,2.854705810546875
2.799099922180176,4.169867992401123
13.831000328063965,13.405094146728516
12.78689956665039,10.961675643920898
22.34280014038086,20.031238555908203
35.047298431396484,39.19366455078125
31.71030044555664,33.902957916259766
50.00419998168945,30.956375122070312
44.27439880371094,36.9779167175293
41.7052001953125,54.850215911865234
44.25680160522461,29.30358123779297
45.55179977416992,48.28630828857422
31.787799835205078,42.36149215698242
22.493200302124023,18.95348358154297
7.547440052032471,6.488588333129883
3.361569881439209,2.3492116928100586
2.15024995803833,1.3171319961547852
5.184869766235352,5.1559882164001465
13.964200019836426,13.866506576538086
15.024999618530273,16.74894905090332
19.399200439453125,22.667417526245117
20.05229949951172,19.609790802001953
43.112701416015625,46.35144805908203
63.74729919433594,75.04817199707031
45.23740005493164,62.61235427856445
34.89929962158203,45.98511505126953
35.471900939941406,36.02312469482422
26.99220085144043,27.028467178344727
26.993900299072266,28.43682861328125
24.36549949645996,23.392654418945312
26.47279930114746,21.214012145996094
24.48240089416504,20.992782592773438
22.144500732421875,20.39638328552246
13.834099769592285,15.996408462524414
7.916299819946289,4.555445194244385
5.940120220184326,1.6407251358032227
1.1550899744033813,0.3386964797973633
1.4449199438095093,1.1897392272949219
3.116640090942383,5.249871253967285
3.527829885482788,3.696317195892334
7.16103982925415,6.855970859527588
8.199509620666504,10.321349143981934
10.231200218200684,13.321044921875
4.585350036621094,10.300418853759766
14.817700386047363,16.995983123779297
56.62310028076172,42.578369140625
40.434600830078125,32.03266525268555
94.65039825439453,93.21469116210938
64.54199981689453,48.058998107910156
113.91699981689453,73.16787719726562
62.106201171875,57.58414077758789
57.07229995727539,54.21672821044922
33.79119873046875,66.4820556640625
18.054000854492188,31.99152374267578
10.35099983215332,8.261894226074219
4.348020076751709,0.6870574951171875
1.0698800086975098,0.15654945373535156
4.885009765625,3.0100908279418945
9.870779991149902,11.351494789123535
16.35580062866211,18.03171157836914
4.49124002456665,8.480728149414062
7.741980075836182,8.005123138427734
10.66450023651123,12.662352561950684
13.419899940490723,10.747984886169434
32.14400100708008,33.07311248779297
40.226200103759766,30.139909744262695
14.497400283813477,21.28232765197754
14.854499816894531,18.21437644958496
1.808769941329956,8.340970993041992
2.4352900981903076,7.741560459136963
13.816699981689453,7.829901695251465
28.13159942626953,22.562637329101562
11.98449993133545,7.875739574432373
12.208000183105469,7.570053577423096
8.54148006439209,9.039190292358398
2.9560399055480957,0.9274234771728516
2.863300085067749,0.34477901458740234
36.319698333740234,38.20838165283203
82.69989776611328,87.06074523925781
116.10199737548828,124.17304992675781
139.0489959716797,139.85462951660156
159.46499633789062,159.0828857421875
169.7729949951172,170.25836181640625
132.5659942626953,160.12258911132812
139.65899658203125,141.2987060546875
215.9320068359375,156.6565399169922
172.10800170898438,151.94610595703125
60.317901611328125,88.78610229492188
46.107398986816406,88.53752136230469
66.11900329589844,41.63368225097656
92.61920166015625,52.14270782470703
67.07150268554688,85.95733642578125
20.836999893188477,25.12613868713379
21.48590087890625,28.95090103149414
29.248899459838867,23.508831024169922
10.548100471496582,7.248377323150635
11.591300010681152,3.739654541015625
4.018740177154541,0.9817028045654297
1.548840045928955,1.4119319915771484
38.13159942626953,40.25913619995117
83.54199981689453,89.21136474609375
115.93900299072266,119.12716674804688
140.218994140625,139.2279052734375
163.3280029296875,162.72052001953125
114.90599822998047,149.9464569091797
154.35000610351562,151.85528564453125
161.40499877929688,130.73297119140625
110.18800354003906,99.29127502441406
210.10899353027344,155.72637939453125
99.93579864501953,129.50482177734375
109.24299621582031,140.31430053710938
65.4186019897461,58.024269104003906
106.36499786376953,106.54884338378906
47.76969909667969,57.85417556762695
28.33609962463379,29.66785430908203
21.32159996032715,17.087797164916992
13.871800422668457,13.96590805053711
4.0683698654174805,2.830056667327881
1.9640100002288818,0.28720664978027344
8.067230224609375,9.075576782226562
45.0525016784668,53.161399841308594
28.979299545288086,28.158138275146484
44.71910095214844,67.73220825195312
145.48199462890625,118.76878356933594
143.14999389648438,160.69644165039062
188.53700256347656,164.8556365966797
191.88999938964844,187.9973907470703
188.28900146484375,187.79244995117188
168.97300720214844,185.6305694580078
180.83799743652344,172.00360107421875
164.3719940185547,159.3544921875
121.08499908447266,153.18441772460938
83.33439636230469,128.87570190429688
29.475099563598633,49.08150100708008
12.352399826049805,15.885217666625977
64.02259826660156,67.92583465576172
23.281700134277344,18.385461807250977
12.605899810791016,7.872300624847412
7.011380195617676,2.066107749938965
3.3783600330352783,0.13196468353271484
7.159430027008057,7.482921123504639
70.93419647216797,75.38468170166016
96.96949768066406,98.20298767089844
121.84700012207031,126.73875427246094
145.9029998779297,129.92501831054688
112.2750015258789,95.28173828125
87.29440307617188,125.71778869628906
51.65919876098633,59.96074676513672
60.12189865112305,69.4835205078125
69.1843032836914,73.21424865722656
68.90619659423828,53.39512252807617
168.39599609375,99.69895935058594
154.97900390625,150.71871948242188
95.88520050048828,132.7834930419922
107.76300048828125,105.59376525878906
82.58329772949219,84.88888549804688
51.317100524902344,51.14427947998047
31.430400848388672,27.69692611694336
13.207900047302246,9.474405288696289
5.494470119476318,1.390085220336914
2.5298399925231934,1.8362960815429688
1.2292799949645996,2.7797226905822754
2.612420082092285,3.149970531463623
6.870570182800293,9.241673469543457
8.919520378112793,9.990629196166992
23.006999969482422,19.831573486328125
72.09120178222656,57.479103088378906
117.34400177001953,137.60235595703125
167.09300231933594,152.8815155029297
178.71499633789062,169.99642944335938
154.45799255371094,162.4820098876953
187.78599548339844,164.11758422851562
39.86280059814453,65.09671020507812
19.119400024414062,20.699230194091797
21.604400634765625,16.11212730407715
12.83329963684082,11.04119873046875
23.922000885009766,22.156421661376953
71.3196029663086,42.235107421875
6.623869895935059,14.641018867492676
5.806759834289551,2.2952871322631836
6.357250213623047,0.9900655746459961
2.4426701068878174,2.6229028701782227
11.103400230407715,10.41435432434082
24.546100616455078,25.020946502685547
16.966999053955078,18.139005661010742
32.947898864746094,57.54205322265625
32.86909866333008,41.46106719970703
18.677099227905273,30.35845947265625
135.88600158691406,85.67333984375
25.118600845336914,33.38862609863281
28.286500930786133,22.110837936401367
41.74610137939453,63.06611251831055
34.90840148925781,28.996463775634766
53.75490188598633,60.4390869140625
59.40589904785156,71.89009094238281
74.98889923095703,66.65970611572266
40.974700927734375,51.50032043457031
25.06329917907715,21.475706100463867
11.540300369262695,9.009758949279785
5.822700023651123,2.6391162872314453
2.055000066757202,-0.07707595825195312
2.558340072631836,1.6372346878051758
2.4304399490356445,2.0830278396606445
7.064670085906982,9.787376403808594
3.9429800510406494,8.366748809814453
7.689799785614014,8.406784057617188
4.910560131072998,6.0112080574035645
5.148029804229736,5.288473606109619
10.759099960327148,10.739344596862793
24.19969940185547,19.071239471435547
41.37860107421875,33.35247039794922
33.942100524902344,26.002971649169922
71.5416030883789,42.98274230957031
144.3489990234375,126.09718322753906
132.00599670410156,123.42723083496094
82.21820068359375,80.39435577392578
65.92559814453125,76.77581787109375
39.88529968261719,55.97871780395508
28.534900665283203,28.783796310424805
17.40060043334961,9.794273376464844
10.456700325012207,6.2676215171813965
5.2631402015686035,1.422480583190918
5.067190170288086,7.384430408477783
13.47760009765625,13.15506362915039
12.689000129699707,16.823863983154297
9.462860107421875,12.291146278381348
24.411699295043945,25.614229202270508
69.89119720458984,61.48126220703125
52.296600341796875,56.79393768310547
47.661800384521484,68.62757873535156
18.63629913330078,16.95146369934082
6.916999816894531,8.923288345336914
16.556100845336914,19.829050064086914
17.200199127197266,22.61760711669922
21.82740020751953,19.088855743408203
12.84469985961914,12.114694595336914
14.11769962310791,13.52772331237793
13.334500312805176,12.412568092346191
8.035699844360352,6.669543743133545
4.490630149841309,3.5225343704223633
6.307590007781982,4.5052056312561035
1.576050043106079,1.2227811813354492
4.8811798095703125,4.231850624084473
5.994969844818115,10.6521635055542
5.511929988861084,4.804656028747559
13.21660041809082,16.887157440185547
20.174100875854492,20.374940872192383
20.329599380493164,22.039989471435547
16.64080047607422,15.558359146118164
15.304400444030762,14.234598159790039
13.156499862670898,12.50655746459961
14.178999900817871,13.090007781982422
9.607250213623047,9.172744750976562
16.614099502563477,10.927310943603516
21.38520050048828,20.0928897857666
35.0443000793457,28.21371841430664
19.556499481201172,14.646190643310547
8.748000144958496,6.923761367797852
7.233369827270508,4.858717918395996
6.387229919433594,4.6371259689331055
1.43503999710083,1.1949291229248047
3.229379892349243,3.5384230613708496
9.098569869995117,8.535531997680664
26.068500518798828,24.6555233001709
60.65700149536133,35.24715805053711
34.07740020751953,39.75974655151367
64.01219940185547,62.483497619628906
28.9778995513916,47.03729248046875
35.09239959716797,39.780235290527344
70.01750183105469,63.76238250732422
53.447601318359375,76.08866882324219
63.48030090332031,58.266632080078125
31.937700271606445,42.16851806640625
29.114200592041016,26.389812469482422
24.258100509643555,18.504257202148438
13.589599609375,9.103285789489746
25.399200439453125,21.707300186157227
12.505800247192383,13.473342895507812
8.62677001953125,2.8527560234069824
6.994309902191162,4.971792697906494
4.110189914703369,1.0549049377441406
3.136660099029541,2.443307876586914
9.391630172729492,9.912315368652344
14.404500007629395,15.094456672668457
18.70490074157715,21.848678588867188
23.43910026550293,25.493892669677734
15.447600364685059,26.016613006591797
25.735300064086914,26.439807891845703
24.078500747680664,29.20623016357422
33.18159866333008,34.126312255859375
19.249099731445312,17.404647827148438
20.13629913330078,20.14377784729004
20.344600677490234,18.883182525634766
21.293500900268555,19.7722225189209
16.165199279785156,17.85924530029297
11.021400451660156,8.284250259399414
16.527700424194336,7.251691818237305
15.452400207519531,12.276252746582031
12.971099853515625,16.457416534423828
9.342000007629395,12.158754348754883
6.866109848022461,5.673793315887451
2.6760499477386475,-0.034392356872558594
1.7024799585342407,1.5087862014770508
3.0012400150299072,3.810926914215088
4.99245023727417,5.0038275718688965
6.882150173187256,8.885717391967773
9.736809730529785,11.812492370605469
24.75480079650879,24.710569381713867
16.364500045776367,13.72931957244873
7.741109848022461,12.599126815795898
55.93510055541992,90.33796691894531
11.536999702453613,19.562021255493164
24.525299072265625,25.73441505432129
18.15329933166504,16.320728302001953
20.05069923400879,23.12965965270996
27.84440040588379,31.761306762695312
9.977660179138184,16.747634887695312
35.92879867553711,19.302066802978516
6.438370227813721,12.752685546875
3.9154200553894043,3.857020854949951
12.038700103759766,10.482595443725586
3.817349910736084,1.2145729064941406
4.832970142364502,0.733363151550293
3.060389995574951,2.067758560180664
6.692969799041748,7.772317886352539
6.517159938812256,8.921192169189453
12.286600112915039,12.50830364227295
19.596500396728516,18.281967163085938
50.90449905395508,56.97671127319336
13.444299697875977,17.500892639160156
31.77899932861328,51.236328125
47.92190170288086,45.89179992675781
101.12100219726562,144.8275909423828
87.44860076904297,107.67216491699219
27.125900268554688,80.34349060058594
30.883899688720703,39.566627502441406
35.0885009765625,40.27571487426758
25.798599243164062,25.5809383392334
42.36909866333008,53.07697677612305
42.6422004699707,42.1253776550293
21.467899322509766,30.340328216552734
13.554200172424316,11.450435638427734
10.118399620056152,5.866727828979492
6.9105000495910645,0.6180868148803711
4.108260154724121,1.1018085479736328
1.5410300493240356,1.4068479537963867
44.619300842285156,45.29725646972656
76.5094985961914,79.27983093261719
109.48600006103516,115.14128112792969
135.0959930419922,138.92381286621094
155.08299255371094,155.03749084472656
176.3470001220703,168.6200408935547
75.44860076904297,105.1347427368164
63.88460159301758,77.41326904296875
60.94329833984375,57.703834533691406
40.58219909667969,41.08794021606445
27.799800872802734,26.568634033203125
42.0625,29.470224380493164
26.276599884033203,24.892532348632812
13.286299705505371,19.936370849609375
16.97089958190918,14.79967975616455
14.561100006103516,17.161853790283203
16.675500869750977,17.836864471435547
11.953499794006348,8.970621109008789
13.543600082397461,12.804716110229492
8.098210334777832,8.15327262878418
6.308990001678467,2.7935385704040527
2.3108599185943604,1.8511018753051758
5.615429878234863,6.368385314941406
11.486499786376953,11.920513153076172
35.9463005065918,38.228492736816406
34.73759841918945,43.02614974975586
50.656700134277344,52.85145950317383
146.22500610351562,147.94639587402344
52.311100006103516,134.43402099609375
45.35369873046875,40.885650634765625
116.71299743652344,88.37565612792969
14.465200424194336,32.12528991699219
64.69180297851562,60.226890563964844
15.286399841308594,24.28378677368164
48.4900016784668,53.04192352294922
41.43130111694336,48.535892486572266
30.623899459838867,27.65643310546875
8.883549690246582,12.865385055541992
12.523599624633789,12.827302932739258
8.336870193481445,5.82987642288208
6.3539299964904785,5.215466022491455
2.562930107116699,0.42043590545654297
1.5334299802780151,1.5089149475097656
17.24650001525879,15.230390548706055
74.94400024414062,31.902385711669922
17.69409942626953,55.1298828125
122.82599639892578,128.125244140625
160.3209991455078,95.68801879882812
205.9600067138672,156.88693237304688
186.125,175.04393005371094
216.7220001220703,192.98880004882812
207.52099609375,195.10699462890625
198.2969970703125,202.60867309570312
194.1490020751953,193.76553344726562
150.48699951171875,166.80929565429688
92.6344985961914,123.12187957763672
64.94499969482422,79.56250762939453
46.90999984741211,45.07920837402344
14.340200424194336,16.19799041748047
13.412699699401855,13.614395141601562
9.679059982299805,8.870421409606934
9.686829566955566,5.111443519592285
11.885899543762207,8.251879692077637
9.974249839782715,8.048917770385742
4.159019947052002,0.5801610946655273
3.9954099655151367,3.0432958602905273
20.079099655151367,16.580324172973633
105.54100036621094,94.41227722167969
139.08999633789062,136.41085815429688
95.73509979248047,80.875732421875
77.21189880371094,125.22891998291016
130.9080047607422,159.5117645263672
148.60499572753906,138.85104370117188
152.9429931640625,147.64990234375
192.6219940185547,171.7199249267578
178.2570037841797,164.9478302001953
120.85299682617188,158.39694213867188
67.11669921875,94.18242645263672
59.25400161743164,44.278053283691406
40.683998107910156,39.10657501220703
81.46659851074219,72.73123168945312
63.729801177978516,65.08460998535156
25.85810089111328,26.079795837402344
25.055400848388672,27.914859771728516
18.952199935913086,17.770540237426758
9.324000358581543,7.178096294403076
5.830709934234619,2.790153980255127
1.0603400468826294,0.6556692123413086
3.579210042953491,2.3116092681884766
10.940600395202637,11.707931518554688
15.417200088500977,12.406002044677734
18.606800079345703,23.084943771362305
13.921199798583984,26.4448184967041
23.292200088500977,22.743167877197266
43.25469970703125,43.80029296875
34.833499908447266,35.972564697265625
45.00410079956055,53.54640197753906
28.84589958190918,31.003028869628906
47.0452995300293,46.0963134765625
23.090099334716797,25.03923225402832
65.57959747314453,59.315040588378906
42.54010009765625,63.644691467285156
36.77080154418945,41.00394058227539
30.52739906311035,27.27670669555664
17.16189956665039,18.982833862304688
18.790000915527344,20.422595977783203
8.935409545898438,4.380031585693359
3.5748798847198486,0.9470100402832031
3.242150068283081,2.1899242401123047
7.133120059967041,7.249394416809082
9.664329528808594,11.445914268493652
11.529399871826172,12.875527381896973
18.42340087890625,17.382911682128906
22.24370002746582,32.141395568847656
26.854299545288086,32.37146759033203
20.122100830078125,22.546682357788086
8.354299545288086,10.871953964233398
21.165300369262695,14.381935119628906
17.781700134277344,14.163793563842773
11.14579963684082,10.772764205932617
46.660701751708984,69.88743591308594
30.101900100708008,26.52633285522461
25.35070037841797,23.742979049682617
8.569040298461914,12.377931594848633
24.155799865722656,19.759441375732422
7.351240158081055,6.190037727355957
7.895199775695801,6.04143762588501
12.719499588012695,8.700428009033203
4.835350036621094,9.099794387817383
4.686600208282471,1.419825553894043
3.5496699810028076,2.0229406356811523
2.396780014038086,5.706594944000244
12.090700149536133,14.5299711227417
35.61309814453125,29.597522735595703
151.7989959716797,149.17721557617188
122.56600189208984,128.65858459472656
197.25,116.932861328125
222.09500122070312,129.7523651123047
205.85000610351562,160.86459350585938
183.47300720214844,191.01998901367188
206.7449951171875,195.1087646484375
175.6230010986328,143.60482788085938
185.6699981689453,153.45018005371094
166.53399658203125,163.2179412841797
146.91299438476562,145.02838134765625
122.98200225830078,121.43028259277344
97.1405029296875,93.89746856689453
71.56659698486328,71.45999145507812
21.46780014038086,45.097900390625
18.022899627685547,16.90463638305664
4.208690166473389,2.4275264739990234
6.101260185241699,8.108753204345703
1.9617400169372559,0.567927360534668
3.7455101013183594,4.780009746551514
2.639509916305542,2.817359447479248
17.997800827026367,18.317298889160156
39.21260070800781,39.136695861816406
45.206298828125,38.57473373413086
62.78850173950195,79.61643981933594
55.319000244140625,60.02216720581055
36.30950164794922,63.04006576538086
78.93460083007812,74.2161865234375
105.9489974975586,93.80526733398438
114.89399719238281,152.08070373535156
194.19000244140625,115.28863525390625
90.05130004882812,117.6868896484375
133.9530029296875,86.02654266357422
56.3734016418457,71.35392761230469
29.655899047851562,41.16737747192383
42.53139877319336,46.78883361816406
54.86029815673828,70.38361358642578
36.65760040283203,51.87534713745117
30.496599197387695,28.23241424560547
13.55210018157959,19.39630889892578
9.461199760437012,4.561517715454102
2.5623199939727783,-0.045879364013671875
3.5612499713897705,3.5444183349609375
3.2346200942993164,3.668067455291748
6.127019882202148,6.424964904785156
20.38789939880371,18.517370223999023
46.679298400878906,37.63744354248047
28.466800689697266,37.361244201660156
186.04100036621094,178.39817810058594
59.07659912109375,66.99069213867188
121.16500091552734,100.90802764892578
197.8090057373047,102.02766418457031
227.21600341796875,162.62863159179688
62.5817985534668,77.04833221435547
187.0050048828125,161.18411254882812
60.72330093383789,132.0313720703125
124.29100036621094,116.54969787597656
75.86710357666016,110.1562728881836
102.70899963378906,90.42807006835938
73.72000122070312,70.9033203125
41.305198669433594,48.24539566040039
36.66450119018555,23.752870559692383
7.180530071258545,3.963212013244629
5.310550212860107,1.4308748245239258
1.7675700187683105,0.5638504028320312
5.48121976852417,7.627837657928467
7.507339954376221,6.111220836639404
10.080300331115723,11.99815559387207
19.356399536132812,22.549657821655273
15.12559986114502,11.933282852172852
18.999799728393555,20.173667907714844
35.50429916381836,27.491060256958008
22.350299835205078,38.76107406616211
29.833799362182617,30.732284545898438
17.689899444580078,17.105281829833984
18.00429916381836,23.179725646972656
40.24319839477539,35.3780517578125
23.137100219726562,27.074378967285156
19.968000411987305,20.752805709838867
17.492900848388672,11.146478652954102
20.811800003051758,17.743417739868164
10.543100357055664,8.038240432739258
5.502820014953613,4.980790615081787
6.149010181427002,2.2912216186523438
2.8062100410461426,1.3944368362426758
2.14982008934021,-0.2264385223388672
2.6422300338745117,1.24237060546875
6.110099792480469,5.675368309020996
14.764699935913086,16.053617477416992
32.28519821166992,34.059871673583984
26.074100494384766,32.893856048583984
53.53499984741211,57.212059020996094
72.55760192871094,74.47628784179688
84.19640350341797,92.86361694335938
77.88289642333984,81.81867980957031
74.31900024414062,81.91766357421875
95.90290069580078,90.60417938232422
103.64800262451172,106.08833312988281
86.74960327148438,90.66294860839844
85.62989807128906,78.32354736328125
84.66580200195312,88.29732513427734
71.20179748535156,69.29190826416016
48.36360168457031,55.21760559082031
34.02159881591797,42.76193618774414
21.204999923706055,14.886523246765137
15.524800300598145,14.107583999633789
4.9643402099609375,3.8851675987243652
5.482920169830322,1.8497943878173828
4.787779808044434,4.084915637969971
6.431489944458008,8.390856742858887
13.690699577331543,15.881552696228027
17.60610008239746,19.85024070739746
26.920900344848633,29.827903747558594
40.415000915527344,47.11563491821289
38.29069900512695,40.529380798339844
17.246599197387695,25.253660202026367
45.39670181274414,32.897010803222656
37.858001708984375,47.40510559082031
49.78459930419922,42.455718994140625
74.66329956054688,94.73361206054688
69.35009765625,124.9954833984375
98.36109924316406,105.13491821289062
152.7050018310547,144.56942749023438
157.26400756835938,140.79859924316406
43.04050064086914,72.74339294433594
50.65359878540039,57.975608825683594
3.4818201065063477,10.344499588012695
55.96730041503906,23.926271438598633
6.165500164031982,15.546189308166504
25.986299514770508,28.255023956298828
5.579730033874512,4.811097621917725
2.1182401180267334,0.9175014495849609
1.9673399925231934,0.9199304580688477
17.59440040588379,14.006553649902344
135.38699340820312,126.07623291015625
151.33999633789062,150.7568359375
41.54710006713867,76.49307250976562
197.4409942626953,151.44674682617188
226.2010040283203,131.02236938476562
49.184898376464844,135.38681030273438
224.28500366210938,166.70167541503906
205.6649932861328,197.13372802734375
32.662601470947266,80.4634780883789
52.27299880981445,55.915260314941406
26.925800323486328,35.67626953125
19.68709945678711,19.5087833404541
44.25090026855469,42.76476287841797
23.638500213623047,34.634071350097656
14.713000297546387,10.194643020629883
23.36210060119629,28.903709411621094
16.601299285888672,20.43927764892578
9.566439628601074,4.921597480773926
12.447500228881836,16.105878829956055
6.711019992828369,2.541658401489258
2.690049886703491,-0.031179428100585938
1.4867899417877197,1.0085420608520508
31.662399291992188,32.14342498779297
70.70429992675781,71.63806915283203
77.50550079345703,74.8384780883789
115.99299621582031,132.77037048339844
158.47999572753906,108.32746124267578
183.093994140625,138.00440979003906
126.40499877929688,168.05380249023438
85.05069732666016,130.96652221679688
206.0970001220703,186.86341857910156
170.25999450683594,202.50177001953125
33.8494987487793,104.74417877197266
213.9600067138672,166.16925048828125
146.59100341796875,163.47735595703125
35.08470153808594,79.29549407958984
63.14820098876953,118.83761596679688
9.744179725646973,34.3631591796875
14.815799713134766,21.505605697631836
22.0408992767334,28.2484188079834
13.80620002746582,21.87212371826172
44.0359992980957,20.7066707611084
12.409000396728516,8.802373886108398
34.599998474121094,30.34251594543457
18.763500213623047,26.457286834716797
7.193630218505859,2.6136903762817383
1.1246000528335571,1.1465263366699219
2.2098000049591064,1.0787057876586914
35.36370086669922,30.843578338623047
74.26799774169922,72.7389907836914
103.9000015258789,107.67706298828125
129.91400146484375,135.22544860839844
151.02000427246094,155.73715209960938
172.60699462890625,167.43096923828125
189.28900146484375,183.9357147216797
203.3209991455078,195.62472534179688
208.3939971923828,203.44479370117188
38.35409927368164,156.97984313964844
184.67300415039062,131.36822509765625
218.81399536132812,176.03884887695312
204.21499633789062,183.20687866210938
71.25769805908203,114.97515869140625
72.33709716796875,58.3135986328125
52.00699996948242,40.95880889892578
119.36499786376953,59.28904724121094
35.69430160522461,86.5957260131836
46.37590026855469,53.035926818847656
28.80030059814453,40.10492706298828
16.7189998626709,14.193120956420898
8.521360397338867,5.283431053161621
10.069499969482422,13.765508651733398
2.704090118408203,0.470489501953125
2.4850199222564697,1.0196313858032227
33.122798919677734,33.782875061035156
72.24739837646484,69.49724578857422
87.70929718017578,103.43529510498047
129.10800170898438,122.28527069091797
157.11399841308594,156.89158630371094
156.656005859375,143.29153442382812
167.45899963378906,178.08880615234375
199.08299255371094,182.89193725585938
203.66600036621094,178.61386108398438
75.86270141601562,192.26600646972656
198.70799255371094,161.7522430419922
138.5229949951172,189.65283203125
51.16749954223633,114.96389770507812
55.91419982910156,102.2452392578125
155.33200073242188,125.44059753417969
79.41079711914062,103.98942565917969
67.91130065917969,83.28884887695312
57.74959945678711,71.04673767089844
90.61840057373047,41.035945892333984
28.641000747680664,26.768388748168945
25.439300537109375,22.337045669555664
17.507999420166016,17.36153793334961
9.67018985748291,6.870991230010986
1.9910399913787842,0.3954334259033203
2.9599099159240723,3.98805570602417
7.068429946899414,8.962167739868164
5.341149806976318,5.923301696777344
13.81410026550293,13.619427680969238
16.9158992767334,19.915870666503906
20.73590087890625,19.669496536254883
36.36600112915039,39.60091781616211
22.465200424194336,25.04703140258789
18.92770004272461,20.470252990722656
33.5093994140625,36.79999923706055
20.815500259399414,21.94887351989746
11.238100051879883,13.473716735839844
11.851300239562988,17.866819381713867
20.322500228881836,17.52344512939453
25.89299964904785,22.838459014892578
23.61840057373047,19.948246002197266
28.973800659179688,28.255542755126953
38.42789840698242,37.63329315185547
32.58409881591797,30.32846450805664
25.739200592041016,23.12033462524414
17.77630043029785,13.71496295928955
12.974300384521484,13.01817512512207
6.598629951477051,2.109609603881836
5.067150115966797,4.784614562988281
14.983200073242188,8.850481033325195
11.411800384521484,17.13548469543457
11.971199989318848,16.130603790283203
23.854700088500977,21.582534790039062
93.70130157470703,142.5030517578125
169.49400329589844,171.94833374023438
105.78399658203125,97.35804748535156
84.85189819335938,93.43690490722656
92.05149841308594,99.3955078125
56.02000045776367,41.0595817565918
41.844398498535156,40.48138427734375
57.41019821166992,76.92649841308594
75.07340240478516,102.04789733886719
58.76839828491211,74.00990295410156
30.437000274658203,46.34315490722656
45.52330017089844,47.118778228759766
94.01100158691406,112.99653625488281
63.782901763916016,69.60555267333984
25.85770034790039,31.058822631835938
24.337799072265625,23.05280303955078
24.050199508666992,24.562259674072266
12.832500457763672,11.03115177154541
4.321990013122559,2.116504669189453
2.7823500633239746,-0.5633554458618164
1.8861299753189087,0.8282318115234375
7.213250160217285,9.096534729003906
5.149869918823242,8.162044525146484
7.910759925842285,11.047894477844238
24.525800704956055,33.74839782714844
17.278499603271484,17.5056095123291
13.982600212097168,16.977920532226562
18.126100540161133,23.5870361328125
27.143600463867188,29.342679977416992
51.448001861572266,71.70137023925781
84.65019989013672,94.12590026855469
167.26300048828125,105.80699157714844
80.19609832763672,91.57276916503906
25.26110076904297,32.23997497558594
48.45640182495117,34.10740661621094
85.97899627685547,137.014404296875
75.49250030517578,105.84281158447266
33.1057014465332,32.066680908203125
56.127498626708984,47.12208557128906
41.28099822998047,36.07732009887695
32.79069900512695,52.85595703125
18.975299835205078,15.492493629455566
16.92889976501465,16.548599243164062
17.62150001525879,20.29459571838379
6.010709762573242,1.8365964889526367
3.6459500789642334,1.5338287353515625
7.205999851226807,6.645824432373047
134.49099731445312,94.39274597167969
173.9029998779297,156.6072998046875
76.19889831542969,83.77743530273438
57.881500244140625,58.03384780883789
44.37070083618164,33.47251510620117
58.25410079956055,53.28608322143555
190.16299438476562,111.54080200195312
210.26600646972656,206.81576538085938
67.72229766845703,87.16474914550781
55.20500183105469,34.627498626708984
88.95010375976562,98.04261779785156
81.87310028076172,95.60243225097656
72.03919982910156,97.66334533691406
100.81999969482422,94.73294067382812
44.32509994506836,77.89944458007812
37.31449890136719,41.988136291503906
14.552399635314941,15.186464309692383
13.1766996383667,18.263525009155273
8.481410026550293,5.462828636169434
2.947969913482666,1.8578968048095703
3.007620096206665,0.8427944183349609
1.2322299480438232,1.095963478088379
46.2958984375,41.488037109375
29.795400619506836,23.285245895385742
34.16619873046875,44.56071853637695
31.37470054626465,46.51728820800781
46.405399322509766,66.33592987060547
64.7874984741211,61.97816467285156
41.06050109863281,37.91941452026367
90.99099731445312,56.95354461669922
42.5004997253418,140.22158813476562
54.759498596191406,80.31950378417969
39.38359832763672,87.91226196289062
25.569400787353516,72.73320007324219
29.020700454711914,22.533966064453125
191.53599548339844,53.938262939453125
35.896400451660156,41.63758087158203
40.46480178833008,40.71060562133789
17.075199127197266,27.91971206665039
30.537500381469727,40.94775390625
20.470399856567383,27.95979881286621
29.14459991455078,31.61624526977539
11.53339958190918,15.005181312561035
6.6292901039123535,1.567448616027832
6.669549942016602,4.811293601989746
2.1771399974823,0.5998821258544922
13.989100456237793,21.172698974609375
34.85919952392578,65.33650207519531
19.084699630737305,15.943934440612793
19.81999969482422,23.244077682495117
33.250099182128906,32.9139289855957
36.423500061035156,40.83912658691406
38.49480056762695,52.60820770263672
43.234901428222656,60.79457473754883
16.408700942993164,41.133056640625
39.9297981262207,40.366146087646484
221.02000427246094,72.27041625976562
243.02999877929688,141.63870239257812
114.46800231933594,140.47837829589844
191.7790069580078,144.53451538085938
172.343994140625,168.2897186279297
151.35499572753906,146.87445068359375
128.656005859375,127.28601837158203
103.33200073242188,100.20760345458984
33.46620178222656,65.5286865234375
57.48440170288086,57.89186096191406
16.08799934387207,17.652679443359375
11.15999984741211,5.9354681968688965
2.3958899974823,1.319732666015625
25.048599243164062,8.077448844909668
82.2699966430664,76.08038330078125
93.9708023071289,101.64795684814453
136.97500610351562,128.3968963623047
156.78399658203125,140.9244842529297
186.7010040283203,148.85409545898438
204.34100341796875,169.8984375
210.27000427246094,201.50567626953125
170.7259979248047,198.58900451660156
128.60499572753906,173.2713623046875
91.01319885253906,115.60425567626953
140.1320037841797,151.93557739257812
71.41059875488281,92.49122619628906
39.507198333740234,53.02427673339844
55.02470016479492,84.39488220214844
66.70549774169922,56.603084564208984
112.84300231933594,84.7799072265625
73.8405990600586,72.65815734863281
118.60600280761719,89.64450073242188
73.8678970336914,74.50505065917969
22.55120086669922,23.29389762878418
15.07409954071045,26.34209632873535
10.373499870300293,7.599273204803467
7.365039825439453,1.4599199295043945
5.800839900970459,1.2703828811645508
1.8172099590301514,1.6049137115478516
8.366920471191406,9.299047470092773
8.520560264587402,7.222230434417725
12.574199676513672,16.569725036621094
12.81760025024414,13.365604400634766
36.0004997253418,30.444347381591797
176.55599975585938,169.80825805664062
159.0570068359375,130.71214294433594
104.97599792480469,168.05413818359375
104.6709976196289,79.92326354980469
73.78309631347656,95.48570251464844
39.03919982910156,52.22218322753906
32.5181999206543,32.96980667114258
21.86090087890625,21.29086685180664
13.103799819946289,16.483104705810547
34.53340148925781,34.80815887451172
15.878600120544434,19.018518447875977
40.48040008544922,54.20442581176758
25.317399978637695,25.124706268310547
30.438400268554688,28.8228759765625
14.791899681091309,16.060619354248047
12.27180004119873,7.326822280883789
7.2451701164245605,7.745567321777344
4.38470983505249,3.1145339012145996
1.5149699449539185,0.49605846405029297
1.100909948348999,3.062295913696289
1.5843499898910522,3.7883105278015137
6.579170227050781,10.31663990020752
6.094649791717529,5.781891345977783
6.8804497718811035,11.367023468017578
10.855600357055664,10.506677627563477
6.033820152282715,11.94377326965332
24.393800735473633,27.31255340576172
20.508100509643555,20.14889144897461
24.238500595092773,20.659326553344727
35.07460021972656,55.814266204833984
32.323299407958984,47.793277740478516
85.41809844970703,89.40263366699219
193.4149932861328,143.7059783935547
55.76139831542969,108.3349609375
71.69719696044922,109.40496826171875
45.15869903564453,77.24505615234375
44.785099029541016,41.712196350097656
33.496700286865234,26.19461441040039
29.8080997467041,43.576622009277344
17.662700653076172,14.24954605102539
18.401399612426758,16.875335693359375
5.579659938812256,2.355311393737793
2.2260398864746094,-0.19539642333984375
1.7524399757385254,0.7837028503417969
8.787449836730957,9.194173812866211
9.510549545288086,14.052398681640625
8.544159889221191,11.899787902832031
7.811230182647705,10.246676445007324
12.03439998626709,12.640008926391602
17.35420036315918,15.955850601196289
26.1382999420166,26.461471557617188
27.3981990814209,30.48965835571289
33.944400787353516,32.91059112548828
37.8468017578125,60.27509307861328
17.39430046081543,15.048013687133789
25.80120086669922,29.253942489624023
13.222800254821777,17.11791229248047
47.92649841308594,70.46276092529297
60.254398345947266,54.317413330078125
38.52939987182617,44.33668518066406
45.833099365234375,41.21281814575195
21.26959991455078,19.471092224121094
16.39189910888672,14.23089599609375
14.545299530029297,11.388195037841797
53.66910171508789,27.87250328063965
20.06130027770996,18.7262020111084
16.971900939941406,14.13469123840332
6.165319919586182,6.097137451171875
4.7843499183654785,5.673218250274658
13.681500434875488,39.544334411621094
91.3656005859375,73.69580078125
41.27859878540039,62.505672454833984
99.11669921875,99.76224517822266
101.3550033569336,93.19296264648438
97.29319763183594,102.07234954833984
134.05799865722656,110.771240234375
184.5330047607422,118.15977478027344
167.88400268554688,177.87347412109375
147.09100341796875,166.48655700683594
207.5850067138672,196.64755249023438
216.8979949951172,181.304931640625
154.14199829101562,176.6072998046875
158.83700561523438,168.96878051757812
141.0800018310547,135.85662841796875
50.689300537109375,67.22140502929688
42.61220169067383,34.457054138183594
24.069700241088867,21.149982452392578
20.23390007019043,19.219730377197266
10.89229965209961,8.675511360168457
7.153830051422119,7.529364109039307
4.52131986618042,1.7344579696655273
2.071239948272705,0.11102771759033203
1.5758700370788574,-0.5809764862060547
1.6975699663162231,1.0428342819213867
3.9900600910186768,3.7386789321899414
10.57979965209961,11.780715942382812
15.690099716186523,13.435338020324707
30.4955997467041,20.696086883544922
30.06399917602539,35.75963592529297
35.72650146484375,42.752845764160156
139.2220001220703,57.28961181640625
124.41100311279297,119.44276428222656
73.1719970703125,97.95733642578125
62.621498107910156,74.67976379394531
78.77880096435547,79.74673461914062
69.61070251464844,65.56242370605469
54.42399978637695,57.784202575683594
43.28620147705078,47.984779357910156
48.766300201416016,53.693973541259766
47.11050033569336,47.07266616821289
63.237300872802734,57.9594612121582
48.705299377441406,59.06070327758789
58.347801208496094,54.73908233642578
46.69409942626953,50.20616149902344
36.74300003051758,32.703975677490234
26.717199325561523,20.322284698486328
14.636899948120117,15.586601257324219
7.823790073394775,2.3418874740600586
3.8911900520324707,0.7431650161743164
3.8886001110076904,3.2262496948242188
13.22700023651123,15.255338668823242
16.18320083618164,18.249177932739258
15.395899772644043,17.43854331970215
17.846900939941406,18.96193504333496
27.08769989013672,35.24964904785156
51.932899475097656,41.242332458496094
50.823699951171875,58.05252456665039
11.901399612426758,19.258237838745117
12.046899795532227,17.570417404174805
18.32670021057129,20.194385528564453
14.73289966583252,11.292257308959961
44.51649856567383,50.082359313964844
125.83699798583984,121.91484832763672
168.46200561523438,123.98667907714844
159.23399353027344,132.68905639648438
132.7469940185547,122.27496337890625
107.31400299072266,94.94982147216797
83.45220184326172,102.48051452636719
5.136030197143555,2.037714958190918
13.365799903869629,18.459991455078125
23.774999618530273,18.27997589111328
18.431299209594727,21.13714599609375
17.072399139404297,11.464696884155273
10.555000305175781,11.696895599365234
3.6476900577545166,1.0440301895141602
2.061039924621582,1.4305028915405273
18.462799072265625,24.979400634765625
54.63090133666992,54.91842269897461
85.81269836425781,90.48182678222656
31.96489906311035,85.38269805908203
145.2729949951172,120.23564147949219
123.49700164794922,114.02069091796875
168.1999969482422,142.7482147216797
159.3939971923828,141.72494506835938
198.6479949951172,161.39576721191406
194.42300415039062,175.52626037597656
90.43820190429688,124.88939666748047
127.59300231933594,126.2204360961914
80.76129913330078,104.24009704589844
37.01789855957031,57.095062255859375
41.828800201416016,51.374542236328125
118.35800170898438,119.78367614746094
112.7300033569336,75.36051940917969
105.01599884033203,112.30270385742188
42.36149978637695,43.94874572753906
52.92770004272461,56.777557373046875
34.549198150634766,33.86552429199219
38.13800048828125,34.675262451171875
25.261600494384766,21.342744827270508
22.13719940185547,14.419708251953125
12.343199729919434,8.231719970703125
3.6147499084472656,1.2633533477783203
19.322399139404297,8.45720386505127
9.760160446166992,11.098089218139648
30.414100646972656,57.575889587402344
26.49250030517578,42.13111877441406
103.73699951171875,31.79094886779785
159.5469970703125,94.52273559570312
104.83899688720703,63.6141357421875
74.0927963256836,66.30220794677734
96.30709838867188,96.00022888183594
215.79200744628906,58.038002014160156
33.94839859008789,110.04766845703125
22.833999633789062,64.99856567382812
84.26129913330078,31.071533203125
166.3780059814453,128.4115753173828
94.67340087890625,141.4692840576172
181.16700744628906,156.88121032714844
126.51699829101562,129.33851623535156
121.7020034790039,75.78019714355469
66.71019744873047,85.6783218383789
90.35479736328125,75.20640563964844
72.5010986328125,30.432132720947266
28.823299407958984,28.131778717041016
28.219999313354492,35.968467712402344
19.633800506591797,16.413650512695312
3.8765900135040283,1.5791845321655273
2.3918099403381348,1.093480110168457
7.299349784851074,8.983816146850586
47.13479995727539,60.962093353271484
43.04050064086914,51.964839935302734
92.89910125732422,72.65782928466797
107.55500030517578,145.35885620117188
146.5760040283203,146.93936157226562
192.96400451660156,149.28125
114.18699645996094,126.74971008300781
189.156005859375,123.88768005371094
82.57610321044922,88.10034942626953
168.3300018310547,133.00076293945312
216.69900512695312,187.15756225585938
206.25900268554688,206.20455932617188
198.54800415039062,206.37258911132812
187.22900390625,189.501220703125
172.4929962158203,173.23377990722656
155.41900634765625,156.81643676757812
134.23399353027344,132.522705078125
109.85700225830078,108.62358093261719
83.17369842529297,81.25994110107422
54.748199462890625,54.74198913574219
27.786699295043945,23.982280731201172
10.638199806213379,6.982335090637207
7.543190002441406,3.533496379852295
5.971330165863037,2.86210298538208
3.190429925918579,0.1110677719116211
5.511000156402588,1.713094711303711
6.5537800788879395,5.9985222816467285
25.063899993896484,25.713165283203125
43.91600036621094,44.79686737060547
51.80630111694336,57.92308044433594
128.0709991455078,119.1624755859375
194.22000122070312,128.20848083496094
42.32709884643555,81.17544555664062
114.71199798583984,115.04096984863281
152.99899291992188,153.96315002441406
166.3280029296875,134.7720947265625
201.80999755859375,178.39614868164062
212.95199584960938,207.31649780273438
211.197998046875,200.5465850830078
175.71499633789062,121.65632629394531
114.11299896240234,124.97322082519531
71.47440338134766,83.76655578613281
97.3218994140625,131.02626037597656
136.41799926757812,119.32637786865234
110.87300109863281,105.7705078125
63.38090133666992,76.1422119140625
51.893001556396484,42.86651611328125
28.153499603271484,28.09881591796875
12.999500274658203,9.99898624420166
13.845499992370605,18.63715362548828
5.974579811096191,2.156444549560547
3.61641001701355,-0.19549083709716797
5.980669975280762,10.082000732421875
39.44449996948242,29.750442504882812
68.84359741210938,72.46410369873047
79.61759948730469,59.20037078857422
93.90730285644531,91.18228912353516
119.21900177001953,106.71278381347656
100.93599700927734,142.38633728027344
37.82270050048828,44.81881332397461
51.292598724365234,62.68896484375
65.77369689941406,66.5636215209961
62.51029968261719,60.52125549316406
54.92499923706055,64.86845397949219
99.26480102539062,102.01050567626953
84.30120086669922,79.12065124511719
52.98590087890625,54.49748611450195
34.85929870605469,28.377267837524414
32.810001373291016,23.609188079833984
28.287200927734375,23.37251091003418
18.957399368286133,19.619216918945312
23.80069923400879,14.95162582397461
18.875099182128906,15.451225280761719
10.723199844360352,7.74303674697876
8.948969841003418,5.55267333984375
15.515299797058105,17.595930099487305
4.681059837341309,4.481489181518555
2.5169899463653564,0.06174945831298828
2.9684700965881348,4.89695405960083
5.392439842224121,4.686148166656494
5.757460117340088,4.1678009033203125
11.889100074768066,13.557914733886719
23.43280029296875,17.274158477783203
33.15660095214844,45.374507904052734
144.04100036621094,68.17794799804688
212.0540008544922,202.85519409179688
216.0709991455078,214.8127899169922
216.1490020751953,223.71884155273438
214.5590057373047,194.08209228515625
208.76800537109375,205.00201416015625
198.1959991455078,199.855224609375
187.04600524902344,191.568359375
172.30799865722656,173.6224822998047
154.7259979248047,155.01145935058594
133.3800048828125,132.82839965820312
108.75299835205078,106.27070617675781
82.71959686279297,80.82986450195312
54.86600112915039,54.29307174682617
34.6349983215332,25.72208023071289
11.608400344848633,7.776483535766602
8.227490425109863,4.292929172515869
6.187240123748779,3.0669736862182617
7.48721981048584,1.0463905334472656
3.4847800731658936,0.5322532653808594
10.667799949645996,11.945507049560547
36.78519821166992,41.178829193115234
65.50689697265625,67.62318420410156
92.4489974975586,94.74334716796875
122.79399871826172,120.34292602539062
151.26100158691406,143.67926025390625
83.30370330810547,104.88452911376953
70.35160064697266,89.19239807128906
166.4600067138672,115.39956665039062
167.02699279785156,121.28004455566406
115.66699981689453,139.77960205078125
112.7030029296875,133.0816650390625
119.8740005493164,153.51731872558594
80.42500305175781,86.89410400390625
115.51100158691406,138.8104705810547
115.04100036621094,98.14945983886719
162.5659942626953,118.43312072753906
152.94700622558594,147.18568420410156
129.3800048828125,131.59622192382812
106.30799865722656,109.94136047363281
80.49019622802734,82.50949096679688
53.7578010559082,53.27479553222656
28.03730010986328,23.975452423095703
11.394800186157227,7.834691047668457
8.30525016784668,4.365833759307861
6.327849864959717,3.500152587890625
3.564349889755249,0.27080440521240234
5.323530197143555,5.489991188049316
13.054499626159668,14.991105079650879
22.147199630737305,22.801836013793945
23.000200271606445,26.892765045166016
43.79130172729492,50.64499282836914
45.5,54.89249038696289
73.34359741210938,92.97898864746094
43.900001525878906,43.27911376953125
85.92970275878906,96.40653991699219
122.49199676513672,102.32701110839844
109.24199676513672,118.16194152832031
237.91299438476562,159.85595703125
146.1060028076172,139.91314697265625
88.58689880371094,103.6358871459961
208.21400451660156,130.38470458984375
80.368896484375,155.30247497558594
170.12899780273438,153.8749237060547
72.53060150146484,124.62451171875
63.089298248291016,56.265655517578125
73.94409942626953,90.29056549072266
67.38529968261719,72.43755340576172
48.93429946899414,59.07789611816406
19.261199951171875,13.967740058898926
16.42300033569336,10.837100982666016
9.589420318603516,10.799062728881836
1.693809986114502,0.2947225570678711
2.242189884185791,1.079981803894043
5.408999919891357,6.754792213439941
17.367700576782227,13.138919830322266
21.774799346923828,22.52318572998047
32.67279815673828,45.92536163330078
25.690000534057617,21.448396682739258
21.814800262451172,24.850337982177734
49.1890983581543,36.977638244628906
75.97149658203125,119.48587036132812
204.06199645996094,137.94931030273438
117.13700103759766,173.03390502929688
64.65390014648438,89.36209106445312
158.41799926757812,119.47139739990234
120.7300033569336,142.34169006347656
155.15199279785156,108.82572937011719
153.5500030517578,160.8031463623047
79.18550109863281,87.662353515625
32.10409927368164,60.08173370361328
21.780500411987305,18.63902473449707
16.16349983215332,19.262882232666016
11.395099639892578,12.398763656616211
8.340149879455566,8.902636528015137
6.930069923400879,5.363522529602051
13.988100051879883,9.096550941467285
5.770639896392822,4.492100715637207
5.15146017074585,3.874972343444824
1.757290005683899,0.26897335052490234
5.098340034484863,3.4402213096618652
20.152999877929688,7.017527103424072
20.939699172973633,20.985645294189453
27.79829978942871,36.63986587524414
64.1593017578125,65.27196502685547
129.66799926757812,124.32521057128906
149.10899353027344,92.63676452636719
135.27000427246094,129.93629455566406
147.1540069580078,147.13555908203125
190.42100524902344,171.76034545898438
200.19000244140625,195.3222198486328
205.40499877929688,205.703125
207.79299926757812,213.25332641601562
203.2259979248047,211.1862030029297
63.83810043334961,149.18624877929688
156.85800170898438,162.14617919921875
177.08099365234375,132.7671661376953
61.42399978637695,124.27937316894531
138.83099365234375,125.53507232666016
118.11100006103516,104.22126770019531
88.3563003540039,86.76514434814453
56.33879852294922,57.035736083984375
30.989200592041016,27.980365753173828
14.158100128173828,11.417269706726074
10.028200149536133,5.637136459350586
7.41609001159668,4.470703125
4.584849834442139,1.8061695098876953
1.3625500202178955,-0.6710300445556641
13.562600135803223,9.366253852844238
19.865299224853516,40.2421989440918
21.680200576782227,28.015331268310547
69.20240020751953,55.71363067626953
131.94900512695312,85.72560119628906
77.06549835205078,107.38230895996094
175.22900390625,146.35769653320312
187.97500610351562,173.45166015625
157.2570037841797,123.94255065917969
212.46800231933594,189.48004150390625
214.177001953125,209.96353149414062
211.79299926757812,210.87466430664062
219.02000427246094,216.81729125976562
137.17100524902344,133.98622131347656
201.6219940185547,192.26388549804688
188.67599487304688,186.6844482421875
176.15899658203125,171.30410766601562
155.72500610351562,156.13951110839844
135.35299682617188,133.05401611328125
111.00399780273438,108.35592651367188
85.13179779052734,82.10591125488281
57.293800354003906,55.819969177246094
30.454200744628906,25.50676727294922
12.382499694824219,9.77313232421875
8.881719589233398,5.036710739135742
7.212140083312988,4.514758586883545
4.595600128173828,2.2822580337524414
1.7645000219345093,-0.618072509765625
6.869719982147217,6.9581379890441895
8.032600402832031,10.194576263427734
14.884300231933594,15.75113582611084
15.877699851989746,20.714698791503906
32.0453987121582,24.51396942138672
8.3610200881958,12.264669418334961
16.831600189208984,14.66711711883545
14.610699653625488,21.343727111816406
42.964599609375,28.28050994873047
58.361900329589844,62.49580764770508
72.14700317382812,73.53947448730469
56.2328987121582,67.24702453613281
67.05249786376953,74.31763458251953
71.543701171875,61.46943283081055
46.4093017578125,53.98355484008789
52.58110046386719,60.91900634765625
51.419700622558594,53.96488952636719
53.14440155029297,50.18669128417969
56.85200119018555,56.80561065673828
113.33999633789062,73.87078094482422
65.93460083007812,61.9658317565918
66.17659759521484,51.54561996459961
38.9281005859375,42.03354263305664
13.022899627685547,12.591171264648438
9.197310447692871,6.7393341064453125
7.427949905395508,3.0551390647888184
6.014050006866455,4.080738544464111
3.4192800521850586,0.2657918930053711
1.4211100339889526,1.3100252151489258
20.235599517822266,23.782760620117188
47.73789978027344,51.57493591308594
74.493896484375,79.18902587890625
102.2770004272461,102.69207000732422
129.89300537109375,125.94111633300781
124.25599670410156,142.20635986328125
93.82369995117188,104.24415588378906
145.2779998779297,122.48298645019531
224.28599548339844,127.55839538574219
185.11300659179688,169.7943572998047
121.97000122070312,184.22238159179688
241.36300659179688,181.0281524658203
59.90869903564453,185.23175048828125
79.22930145263672,112.70411682128906
72.29560089111328,78.67588806152344
36.20709991455078,46.904537200927734
84.34700012207031,76.40902709960938
60.20560073852539,77.44316101074219
128.93499755859375,87.7280044555664
66.74739837646484,84.59635925292969
68.08940124511719,84.31881713867188
42.600799560546875,46.1036376953125
45.90589904785156,41.214027404785156
32.39619827270508,30.137683868408203
22.262399673461914,19.276975631713867
14.785599708557129,13.568244934082031
6.0791401863098145,3.234269142150879
2.62283992767334,0.10455322265625
2.411530017852783,1.7938613891601562
18.38629913330078,20.905941009521484
21.200599670410156,29.892932891845703
18.750699996948242,22.380739212036133
94.5519027709961,78.72465515136719
128.46800231933594,133.82394409179688
129.39199829101562,151.16314697265625
179.1009979248047,154.46780395507812
109.41000366210938,131.60781860351562
66.11740112304688,97.98287200927734
109.05699920654297,94.74713134765625
115.15499877929688,101.62274169921875
232.11599731445312,95.72138214111328
41.62329864501953,82.64363098144531
31.943899154663086,60.42253875732422
111.07599639892578,106.37567138671875
51.04140090942383,59.9893684387207
94.57579803466797,110.53450012207031
67.64759826660156,60.63310241699219
54.107398986816406,53.337066650390625
18.092100143432617,19.854965209960938
20.051799774169922,25.8878231048584
13.715499877929688,12.531535148620605
19.214399337768555,12.558645248413086
10.399299621582031,7.851187705993652
3.1397900581359863,2.5396242141723633
3.3770699501037598,3.1863856315612793
1.4594000577926636,-0.41439056396484375
4.216989994049072,4.050232887268066
9.03534984588623,10.54002571105957
13.15250015258789,16.380817413330078
23.392900466918945,20.97228240966797
44.86520004272461,45.24552536010742
44.39099884033203,55.466773986816406
61.93149948120117,61.99409866333008
60.109798431396484,93.56248474121094
64.59149932861328,62.53103256225586
225.56500244140625,168.01473999023438
228.2010040283203,218.45693969726562
252.91099548339844,229.73501586914062
177.7480010986328,138.4274139404297
219.6020050048828,183.14405822753906
114.56400299072266,209.55747985839844
202.43899536132812,176.46209716796875
180.33799743652344,173.4864044189453
142.94000244140625,155.04052734375
140.55099487304688,139.703857421875
114.46299743652344,106.28341674804688
86.86090087890625,81.3522720336914
58.50429916381836,55.81513595581055
30.848899841308594,26.665607452392578
11.937199592590332,9.177864074707031
11.790399551391602,4.969562530517578
12.790599822998047,13.845436096191406
6.566460132598877,5.126852989196777
2.9246599674224854,0.20749282836914062
4.052199840545654,3.3975448608398438
11.912300109863281,9.350955963134766
19.91510009765625,32.98392105102539
41.75189971923828,55.55097198486328
47.09479904174805,50.65370178222656
55.52370071411133,69.99356842041016
18.564599990844727,19.181625366210938
33.839698791503906,33.34241485595703
12.402299880981445,12.07530403137207
24.667600631713867,27.483959197998047
25.606199264526367,31.79743194580078
33.429298400878906,26.669849395751953
42.35340118408203,42.77851867675781
39.71799850463867,44.28240966796875
56.78620147705078,50.26230239868164
78.11900329589844,74.1243667602539
74.87879943847656,67.81867218017578
64.62519836425781,74.10050964355469
30.41830062866211,36.461402893066406
29.36370086669922,31.874530792236328
51.02349853515625,49.43896484375
31.565000534057617,37.641292572021484
22.4783992767334,29.26752471923828
14.587300300598145,14.541574478149414
6.083040237426758,5.078371524810791
12.026900291442871,15.599691390991211
3.5211899280548096,1.4546527862548828
2.5144801139831543,1.1928892135620117
1.071660041809082,-0.6539955139160156
1.379729986190796,1.2269182205200195
16.47570037841797,23.433897018432617
21.94409942626953,25.8162841796875
30.06730079650879,36.83681106567383
35.705299377441406,38.72901916503906
34.48870086669922,39.34138870239258
47.139801025390625,45.26931381225586
39.92620086669922,44.41071319580078
34.75019836425781,42.42652130126953
33.12670135498047,44.03533172607422
56.3114013671875,54.555885314941406
50.145198822021484,56.90324401855469
122.68800354003906,79.31869506835938
143.16099548339844,128.8279266357422
105.20899963378906,83.33182525634766
114.57499694824219,109.43208312988281
93.34829711914062,109.08660888671875
49.92580032348633,44.59189224243164
68.56490325927734,87.32524108886719
82.19779968261719,79.46798706054688
91.49459838867188,88.58409118652344
50.13560104370117,49.65879821777344
51.066001892089844,52.331817626953125
43.97890090942383,40.41578674316406
39.50859832763672,35.823123931884766
18.199899673461914,23.556468963623047
6.697810173034668,4.085472106933594
4.266359806060791,0.4511260986328125
1.4829699993133545,0.005358695983886719
1.9323500394821167,1.899458885192871
13.231300354003906,13.501590728759766
19.111799240112305,23.832801818847656
51.6963005065918,33.98270034790039
102.34700012207031,58.17285919189453
62.38090133666992,108.61991882324219
98.01290130615234,97.37562561035156
171.91200256347656,156.49691772460938
185.36199951171875,161.7520751953125
100.89700317382812,139.31072998046875
209.79100036621094,181.0383758544922
231.9600067138672,199.06613159179688
222.21099853515625,171.365966796875
209.81900024414062,209.70602416992188
163.74899291992188,118.66441345214844
207.3769989013672,158.32876586914062
118.09500122070312,104.05458068847656
96.2969970703125,58.00082015991211
165.40499877929688,115.8668212890625
67.93099975585938,107.17593383789062
71.77670288085938,78.38871765136719
64.29910278320312,56.93909454345703
65.25460052490234,62.110965728759766
24.514799118041992,32.99428939819336
26.842300415039062,27.331220626831055
6.722970008850098,5.547593593597412
11.107099533081055,4.7500319480896
2.7797598838806152,2.3694276809692383
6.181540012359619,4.415073394775391
17.58769989013672,18.437026977539062
29.874399185180664,33.568336486816406
32.450401306152344,38.37069320678711
44.08789825439453,48.54736328125
94.04399871826172,79.1009521484375
145.15499877929688,116.921142578125
75.4551010131836,106.23640441894531
183.5800018310547,158.76535034179688
121.68800354003906,129.1671600341797
138.21499633789062,125.95751953125
174.85499572753906,169.37274169921875
194.11700439453125,168.55523681640625
184.77000427246094,192.53500366210938
171.87899780273438,175.41122436523438
174.08599853515625,179.30967712402344
147.48800659179688,152.6829071044922
131.46299743652344,132.32156372070312
137.5,128.21986389160156
58.025901794433594,54.5899543762207
76.96179962158203,65.19862365722656
52.58290100097656,58.023799896240234
26.97010040283203,21.145837783813477
21.190500259399414,21.132081985473633
16.704700469970703,15.976819038391113
11.007399559020996,10.472023010253906
7.088860034942627,4.552366733551025
2.5442700386047363,-0.09448528289794922
8.212889671325684,8.039743423461914
13.80720043182373,16.74282455444336
11.27180004119873,10.977619171142578
12.07450008392334,18.08574867248535
7.80817985534668,12.639379501342773
5.639589786529541,9.092401504516602
12.515899658203125,11.896188735961914
21.795400619506836,16.177040100097656
33.99810028076172,23.789596557617188
15.02560043334961,22.99983787536621
24.09950065612793,28.014076232910156
17.80459976196289,19.775253295898438
15.598099708557129,18.825151443481445
28.409099578857422,23.85144805908203
15.340800285339355,16.706378936767578
17.606000900268555,14.125482559204102
17.692800521850586,12.16911506652832
24.727500915527344,22.725229263305664
40.14030075073242,40.53424835205078
86.23580169677734,89.66203308105469
25.337900161743164,32.550533294677734
25.44809913635254,16.824295043945312
14.902600288391113,19.125457763671875
1.362820029258728,4.780653476715088
1.64614999294281,1.9756078720092773
2.398819923400879,1.8656072616577148
4.6849799156188965,4.200928688049316
5.5082502365112305,5.357720375061035
4.7856597900390625,6.4285969734191895
10.933699607849121,14.72032356262207
10.451399803161621,10.100518226623535
12.417400360107422,12.824281692504883
14.623800277709961,14.40392017364502
39.55220031738281,40.098567962646484
28.809200286865234,26.937509536743164
65.3313980102539,66.67739868164062
30.958499908447266,47.17988586425781
19.695899963378906,32.916255950927734
30.502399444580078,30.444746017456055
15.5177001953125,19.229204177856445
17.713899612426758,20.36684799194336
12.354299545288086,16.122371673583984
14.159000396728516,14.473649978637695
19.56679916381836,27.5247745513916
13.400899887084961,12.82119083404541
13.589300155639648,11.36435317993164
9.689040184020996,7.038276672363281
11.254500389099121,7.134937763214111
7.410140037536621,5.3595170974731445
8.45032024383545,4.614659786224365
7.917590141296387,6.7460246086120605
2.4104599952697754,0.5980167388916016
3.55391001701355,2.272745132446289
11.48740005493164,18.41556167602539
18.488300323486328,35.263511657714844
45.699501037597656,62.17243194580078
51.572601318359375,55.18861770629883
72.60820007324219,69.31736755371094
121.20899963378906,106.52413940429688
133.00599670410156,131.44346618652344
149.0240020751953,148.50106811523438
173.9530029296875,166.96205139160156
182.41200256347656,183.55029296875
190.77200317382812,191.5021514892578
87.36869812011719,182.94119262695312
68.69650268554688,108.34669494628906
132.9759979248047,106.0111083984375
63.24549865722656,76.3234634399414
182.46600341796875,147.80711364746094
168.5570068359375,142.08006286621094
121.5459976196289,113.6636962890625
136.14199829101562,131.61341857910156
130.6269989013672,126.55936431884766
86.1603012084961,83.0877685546875
67.32420349121094,74.73369598388672
30.12619972229004,40.407630920410156
18.69420051574707,15.166072845458984
22.177099227905273,20.8367919921875
11.440699577331543,10.163631439208984
4.7816901206970215,2.5475921630859375
1.8595000505447388,0.06866455078125
1.6765199899673462,1.7096614837646484
11.175100326538086,10.627799034118652
20.310100555419922,18.467697143554688
22.892900466918945,26.620086669921875
11.037300109863281,13.920904159545898
29.33099937438965,33.553836822509766
23.70240020751953,18.762033462524414
29.583999633789062,28.768142700195312
33.41170120239258,44.19788360595703
43.282798767089844,40.57683563232422
31.748300552368164,39.8335075378418
38.21120071411133,50.51502227783203
79.2520980834961,80.12962341308594
134.0330047607422,116.61325073242188
145.41700744628906,140.29025268554688
92.46730041503906,123.29910278320312
158.85699462890625,124.41575622558594
153.70599365234375,135.0888671875
81.41699981689453,128.61895751953125
39.41419982910156,69.79995727539062
32.05839920043945,35.890350341796875
19.60740089416504,16.54731559753418
11.567099571228027,11.5874605178833
6.829309940338135,8.178518295288086
7.216650009155273,4.371791839599609
8.452360153198242,4.882129669189453
6.404200077056885,5.343748569488525
4.006680011749268,2.2219247817993164
2.6319899559020996,-0.37866783142089844
1.6708099842071533,1.1808586120605469
6.855070114135742,4.4951276779174805
16.090099334716797,9.843958854675293
28.482799530029297,44.96766662597656
76.32119750976562,91.47283172607422
86.64089965820312,95.39270782470703
51.48460006713867,80.27922058105469
46.71049880981445,56.3575439453125
42.301700592041016,53.95953369140625
31.95359992980957,40.66762161254883
41.16619873046875,48.82295608520508
93.17449951171875,107.91657257080078
101.8479995727539,91.01648712158203
147.61900329589844,81.95869445800781
208.13600158691406,140.12442016601562
52.696800231933594,71.68106079101562
54.59040069580078,68.2529067993164
166.0679931640625,150.67767333984375
135.72999572753906,129.67234802246094
140.13299560546875,119.09820556640625
108.86199951171875,99.11843872070312
86.41909790039062,71.81788635253906
24.223400115966797,34.57025909423828
44.424400329589844,48.93335723876953
20.855300903320312,21.473649978637695
16.357500076293945,16.704936981201172
16.158199310302734,10.496386528015137
7.340889930725098,7.083047389984131
2.784219980239868,0.5067329406738281
2.731029987335205,2.2497854232788086
3.740689992904663,3.898578643798828
8.629670143127441,12.51873779296875
16.80120086669922,18.5211181640625
25.97909927368164,25.047618865966797
31.988800048828125,34.4788703918457
57.63650131225586,41.742530822753906
59.49089813232422,83.60887145996094
74.29229736328125,83.66960144042969
66.66480255126953,71.11097717285156
95.5510025024414,111.27930450439453
77.30000305175781,88.42427062988281
135.93499755859375,131.67823791503906
161.6009979248047,131.96617126464844
108.16999816894531,136.38665771484375
177.9239959716797,170.626953125
167.23899841308594,167.57525634765625
158.2550048828125,150.45433044433594
119.80500030517578,132.21429443359375
111.30500030517578,107.50808715820312
84.5073013305664,78.9383544921875
38.83700180053711,41.98366165161133
35.826698303222656,31.840421676635742
29.64240074157715,27.8975887298584
22.920000076293945,19.82065773010254
19.075599670410156,20.535776138305664
10.085599899291992,7.449402809143066
2.5277199745178223,0.4062366485595703
3.8608200550079346,2.4320554733276367
8.875189781188965,10.423871040344238
16.346799850463867,15.929915428161621
29.106399536132812,31.60820770263672
52.72019958496094,51.17430114746094
107.38700103759766,104.42742919921875
123.15299987792969,127.08098602294922
135.0970001220703,140.15223693847656
137.45799255371094,133.30116271972656
104.04199981689453,138.33584594726562
111.34400177001953,122.48521423339844
182.7729949951172,171.12774658203125
196.03799438476562,187.78981018066406
194.32000732421875,188.70074462890625
177.16299438476562,182.2550048828125
178.39199829101562,178.79818725585938
176.23399353027344,179.20315551757812
157.52499389648438,167.42022705078125
127.35600280761719,141.28973388671875
123.33200073242188,126.70802307128906
83.1239013671875,82.91716003417969
67.6178970336914,86.70829772949219
60.349998474121094,61.38328170776367
36.12189865112305,37.02521896362305
19.677099227905273,17.45928382873535
14.53689956665039,14.093128204345703
11.737899780273438,10.156444549560547
7.74547004699707,6.869955539703369
5.161970138549805,2.3779678344726562
4.629059791564941,3.227720260620117
11.034700393676758,11.898612976074219
21.18600082397461,23.201902389526367
27.735599517822266,31.208078384399414
54.129600524902344,59.42234802246094
79.1449966430664,70.23351287841797
95.5376968383789,97.19047546386719
108.37899780273438,113.98251342773438
105.19599914550781,109.34262084960938
133.26699829101562,112.17198181152344
95.28230285644531,108.6302719116211
116.6449966430664,124.64991760253906
106.56600189208984,101.40386962890625
128.6280059814453,136.7370147705078
117.56900024414062,133.37998962402344
106.12000274658203,116.34075927734375
140.9149932861328,106.76235961914062
149.03599548339844,144.1229248046875
88.36019897460938,112.75568389892578
71.27549743652344,77.99786376953125
129.05499267578125,110.8066635131836
97.2770004272461,82.7962417602539
61.757198333740234,54.26964569091797
58.444000244140625,66.71204376220703
26.680500030517578,23.369434356689453
18.6205997467041,19.76335906982422
9.417110443115234,7.238834381103516
6.780300140380859,3.144458770751953
4.031189918518066,1.0542097091674805
1.0598000288009644,-0.7676382064819336
4.966650009155273,4.303424835205078
19.087600708007812,17.27899742126465
46.31529998779297,44.86186981201172
73.70939636230469,65.52072143554688
108.28700256347656,95.10409545898438
122.81300354003906,122.89153289794922
149.07899475097656,137.72201538085938
153.41900634765625,153.8197021484375
180.78900146484375,142.4292449951172
126.85800170898438,177.27542114257812
189.55999755859375,180.89002990722656
208.26800537109375,189.17257690429688
202.64700317382812,204.40036010742188
198.43099975585938,206.50439453125
199.58299255371094,192.26461791992188
186.64999389648438,194.99249267578125
179.4980010986328,185.26193237304688
146.90199279785156,160.5609893798828
142.15199279785156,146.21978759765625
122.96800231933594,123.74714660644531
103.88099670410156,96.90457153320312
80.64600372314453,91.05537414550781
55.6885986328125,68.48367309570312
51.56930160522461,41.05382537841797
37.64229965209961,41.32818603515625
21.160499572753906,20.215076446533203
17.257200241088867,16.448974609375
11.075200080871582,10.625499725341797
5.181389808654785,3.4332475662231445
1.093400001525879,-0.35870933532714844
3.7467000484466553,2.635150909423828
10.98859977722168,10.620280265808105
28.58209991455078,31.77503204345703
50.4567985534668,57.327423095703125
79.56620025634766,74.29468536376953
94.6707992553711,114.00601196289062
112.50900268554688,102.80604553222656
150.07699584960938,145.53257751464844
171.343994140625,135.6450653076172
167.64999389648438,149.12818908691406
146.73699951171875,146.1160125732422
198.6739959716797,190.4590301513672
213.87600708007812,199.3541259765625
188.45899963378906,134.37197875976562
128.37899780273438,122.60289001464844
175.56399536132812,138.6273956298828
155.15899658203125,143.83755493164062
156.62399291992188,150.11611938476562
152.97999572753906,144.16441345214844
137.44900512695312,120.58305358886719
70.70500183105469,73.42640686035156
16.018400192260742,17.81562042236328
3.2704598903656006,8.225019454956055
1.175089955329895,5.548245906829834
25.489299774169922,21.34003448486328
2.467900037765503,0.46500492095947266
4.099899768829346,3.115734100341797
2.375839948654175,1.0098295211791992
9.457010269165039,9.357791900634766
30.883399963378906,29.563602447509766
53.95289993286133,60.26569747924805
19.9512996673584,16.698776245117188
99.14530181884766,92.59646606445312
91.48280334472656,93.49346923828125
149.84800720214844,128.38331604003906
173.97000122070312,165.55023193359375
88.00330352783203,138.66184997558594
85.55809783935547,141.40333557128906
75.21199798583984,117.55125427246094
54.97019958496094,76.99857330322266
120.62000274658203,89.27178955078125
63.94879913330078,72.1216812133789
55.42610168457031,60.294490814208984
42.54759979248047,44.087005615234375
47.667198181152344,47.09420394897461
51.79130172729492,66.79867553710938
21.798099517822266,33.89924240112305
28.58609962463379,38.588199615478516
22.778799057006836,25.07050323486328
26.188899993896484,28.20085906982422
16.896099090576172,17.90924835205078
15.003600120544434,16.43903923034668
8.237059593200684,6.209662914276123
13.471599578857422,14.113411903381348
6.4339399337768555,3.3652896881103516
2.5470900535583496,0.5063467025756836
2.292069911956787,-0.4666013717651367
5.842710018157959,6.8158721923828125
5.114960193634033,4.995726585388184
3.6178700923919678,7.4231343269348145
4.880829811096191,5.939602375030518
9.857609748840332,10.63147258758545
30.075199127197266,36.83116149902344
89.39520263671875,69.04090881347656
39.00210189819336,64.06192779541016
21.740999221801758,26.473262786865234
25.51059913635254,28.509777069091797
48.21870040893555,40.052799224853516
194.76699829101562,123.46014404296875
184.04400634765625,159.73451232910156
84.06109619140625,130.774169921875
101.47899627685547,129.810302734375
97.80239868164062,93.90790557861328
80.5519027709961,74.34846496582031
148.17999267578125,116.3111801147461
71.00379943847656,86.02760314941406
59.94380187988281,92.06010437011719
68.0188980102539,78.00946044921875
34.10260009765625,24.37485694885254
23.917999267578125,41.23344802856445
20.881000518798828,23.433731079101562
21.179100036621094,23.08006477355957
9.971810340881348,9.330516815185547
7.330160140991211,4.56926965713501
2.9849300384521484,0.3914022445678711
1.1932599544525146,1.6917657852172852
8.988730430603027,8.96346664428711
11.619099617004395,14.172237396240234
27.00029945373535,29.17953109741211
22.756900787353516,22.54054832458496
20.58209991455078,32.494171142578125
59.537899017333984,54.61766815185547
35.080299377441406,58.02424621582031
31.06719970703125,21.670177459716797
75.50879669189453,71.40130615234375
193.68800354003906,134.45172119140625
73.04060363769531,90.51348876953125
61.28450012207031,109.98497009277344
53.637901306152344,117.38264465332031
145.87600708007812,100.578857421875
103.13899993896484,112.28123474121094
203.1580047607422,125.23429870605469
59.24100112915039,86.87904357910156
83.80259704589844,78.72908020019531
149.4810028076172,74.39691162109375
79.89089965820312,100.31869506835938
93.97879791259766,97.59729766845703
38.903499603271484,48.727622985839844
53.285400390625,45.18675994873047
28.714500427246094,27.132099151611328
16.021699905395508,15.593110084533691
6.008590221405029,3.496798038482666
2.0949199199676514,0.9324102401733398
2.178309917449951,-0.6618404388427734
3.3503499031066895,2.728081226348877
18.76569938659668,17.91413116455078
48.345401763916016,52.042259216308594
62.2151985168457,68.88194274902344
63.503299713134766,69.12644958496094
121.51499938964844,90.20042419433594
118.39099884033203,106.4010009765625
118.69499969482422,146.029296875
92.45980072021484,124.73906707763672
81.98989868164062,107.02067565917969
140.6230010986328,153.30357360839844
77.1073989868164,116.28865051269531
39.0359992980957,66.34651947021484
16.700899124145508,21.13482666015625
33.37120056152344,34.64756393432617
33.67219924926758,31.79285430908203
37.87670135498047,41.07229232788086
22.957000732421875,25.750709533691406
26.53890037536621,27.652515411376953
5.07436990737915,10.669303894042969
7.271359920501709,13.361221313476562
7.457890033721924,11.311141967773438
8.472399711608887,5.7872114181518555
5.392620086669922,6.68430233001709
2.6581900119781494,2.3994712829589844
3.408950090408325,1.8180313110351562
4.4482197761535645,1.2323541641235352
2.7382900714874268,-0.13916873931884766
1.9134999513626099,1.4030113220214844
4.573939800262451,5.403641223907471
5.725749969482422,7.031503200531006
24.326000213623047,27.76805877685547
24.19849967956543,31.629919052124023
52.72589874267578,49.54918670654297
129.2899932861328,117.19453430175781
130.72999572753906,145.7078399658203
131.08799743652344,168.032470703125
184.0709991455078,173.65280151367188
184.87100219726562,185.69618225097656
220.51300048828125,195.68771362304688
214.92599487304688,170.8192901611328
148.44500732421875,110.68154907226562
123.61399841308594,126.74109649658203
65.07679748535156,73.99496459960938
181.31300354003906,155.68145751953125
141.31199645996094,142.26705932617188
100.95800018310547,128.09625244140625
110.89900207519531,112.47926330566406
117.66899871826172,103.49897766113281
82.44020080566406,75.02262878417969
69.93679809570312,65.94869995117188
53.2400016784668,62.26146697998047
36.51169967651367,35.65986633300781
27.778200149536133,25.23426055908203
24.73699951171875,24.72603988647461
16.879100799560547,17.32012939453125
10.25220012664795,8.05254077911377
4.897170066833496,1.3252429962158203
1.2968499660491943,0.8961696624755859
6.419859886169434,4.215328216552734
17.931900024414062,13.993420600891113
22.844100952148438,30.543800354003906
52.272300720214844,35.303680419921875
40.654300689697266,44.07988739013672
75.27249908447266,64.41124725341797
77.58889770507812,98.27667236328125
55.76219940185547,84.58613586425781
153.75799560546875,141.27651977539062
167.5030059814453,173.7596893310547
185.20199584960938,178.93898010253906
223.23300170898438,180.7132110595703
208.0970001220703,194.97926330566406
200.78399658203125,204.45175170898438
206.82899475097656,206.6802978515625
202.2239990234375,189.4465789794922
162.10800170898438,177.06503295898438
192.05499267578125,134.13009643554688
94.19930267333984,101.09749603271484
60.93220138549805,95.25318908691406
80.10250091552734,81.99519348144531
62.297000885009766,70.92427825927734
82.11979675292969,61.242828369140625
37.457801818847656,42.20115661621094
32.02000045776367,32.692527770996094
14.7121000289917,16.46691131591797
11.224900245666504,9.34417724609375
8.22741985321045,6.2505011558532715
6.533130168914795,3.4196033477783203
1.7082699537277222,-0.11681842803955078
2.1645801067352295,1.348414421081543
6.787869930267334,4.584564685821533
24.813899993896484,24.486858367919922
55.75090026855469,56.21480941772461
77.23300170898438,81.6295394897461
102.96199798583984,102.44770812988281
122.88800048828125,124.56088256835938
142.81100463867188,144.05413818359375
156.91600036621094,161.14956665039062
167.5240020751953,171.55679321289062
188.03599548339844,181.922119140625
193.0229949951172,190.75100708007812
194.23699951171875,195.59048461914062
198.7259979248047,180.65982055664062
198.52200317382812,198.02996826171875
191.4669952392578,192.9534912109375
184.93699645996094,186.3131866455078
174.9029998779297,179.8529052734375
161.8260040283203,161.4097137451172
147.7779998779297,147.48304748535156
129.44700622558594,128.93356323242188
109.01300048828125,106.98004150390625
86.71769714355469,85.85804748535156
61.977298736572266,59.87379455566406
37.10919952392578,32.79989242553711
17.00950050354004,17.94288444519043
10.309100151062012,9.33398723602295
8.597880363464355,6.780233860015869
6.917180061340332,6.0406365394592285
4.724959850311279,2.4358091354370117
2.2516000270843506,-0.5646028518676758
1.7223700284957886,1.1485519409179688
12.864999771118164,10.36083698272705
19.430200576782227,23.37444305419922
25.6427001953125,29.90789794921875
47.62289810180664,47.59706497192383
52.75870132446289,58.63701629638672
54.22800064086914,62.01219940185547
48.102298736572266,54.410888671875
45.43980026245117,56.54669952392578
69.51619720458984,79.18806457519531
221.91000366210938,190.00526428222656
150.802001953125,126.40143585205078
157.85499572753906,180.39190673828125
188.8990020751953,161.0943603515625
105.98999786376953,135.6783447265625
174.23899841308594,142.2665557861328
139.81100463867188,138.759033203125
207.37399291992188,153.35498046875
97.24849700927734,135.38194274902344
70.1865005493164,95.52632904052734
50.930599212646484,47.88653564453125
33.10100173950195,25.088647842407227
42.155799865722656,48.85737991333008
38.4546012878418,42.914710998535156
30.070999145507812,28.746437072753906
22.194799423217773,22.673864364624023
15.725299835205078,14.293421745300293
8.251219749450684,6.6941657066345215
5.982439994812012,4.337804317474365
3.790839910507202,-0.0940561294555664
1.6554399728775024,-0.6284236907958984
1.2750300168991089,0.6427202224731445
13.480999946594238,12.49336051940918
17.565900802612305,20.51531982421875
19.157100677490234,21.83333969116211
30.016799926757812,32.388641357421875
37.19990158081055,40.474830627441406
138.3800048828125,127.30691528320312
132.80499267578125,150.28041076660156
111.25,163.1234130859375
84.85639953613281,98.4107666015625
69.81159973144531,90.55146789550781
204.65899658203125,174.3742218017578
163.78799438476562,159.42210388183594
133.9510040283203,168.11862182617188
84.90850067138672,90.8350830078125
191.46299743652344,166.0070343017578
147.052001953125,148.86407470703125
174.22900390625,170.263671875
159.7740020751953,168.28970336914062
121.97599792480469,132.97015380859375
115.66300201416016,106.45762634277344
114.14900207519531,107.62205505371094
83.80400085449219,83.1211166381836
76.260498046875,76.31165313720703
56.97840118408203,58.834590911865234
29.41029930114746,27.0249080657959
21.08919906616211,20.11309814453125
19.204299926757812,20.699438095092773
14.116999626159668,13.733619689941406
11.77340030670166,13.18893051147461
15.533499717712402,7.867331027984619
5.707290172576904,4.140329360961914
1.0395300388336182,1.346282958984375
3.524290084838867,3.8664608001708984
7.493750095367432,8.064521789550781
11.224499702453613,12.594696044921875
10.397299766540527,11.70602798461914
12.528599739074707,15.308667182922363
18.038299560546875,18.44029998779297
18.875200271606445,14.039390563964844
13.884499549865723,16.236919403076172
6.027140140533447,10.579166412353516
3.037019968032837,8.5517578125
12.633099555969238,16.729537963867188
19.53569984436035,19.118318557739258
29.21269989013672,28.12433624267578
30.158100128173828,33.61271286010742
23.75469970703125,26.133739471435547
20.278099060058594,22.262516021728516
15.70989990234375,14.795711517333984
14.823800086975098,14.15005111694336
9.405830383300781,11.792137145996094
10.97659969329834,9.793865203857422
10.956600189208984,8.256629943847656
8.288379669189453,7.640077114105225
6.953020095825195,5.695209503173828
6.030370235443115,4.858443260192871
4.850150108337402,1.935699462890625
2.899739980697632,1.0615510940551758
1.7057199478149414,-0.4351072311401367
1.1870900392532349,1.1111011505126953
1.3394800424575806,2.861989974975586
1.9668099880218506,3.331270694732666
2.9604299068450928,3.6916751861572266
5.934309959411621,5.2960638999938965
10.775199890136719,13.369963645935059
10.168899536132812,11.027687072753906
14.878700256347656,15.752201080322266
17.382099151611328,18.855472564697266
26.419700622558594,22.814292907714844
30.456199645996094,35.67756652832031
27.89780044555664,26.88904571533203
46.489200592041016,42.385398864746094
39.293800354003906,44.81010437011719
83.54519653320312,85.6455078125
31.734600067138672,38.80177688598633
28.608999252319336,33.60753631591797
22.427400588989258,30.367046356201172
16.70560073852539,19.66347885131836
16.547300338745117,19.76308250427246
10.969200134277344,11.314411163330078
9.982259750366211,9.04489517211914
8.96481990814209,8.426626205444336
4.627240180969238,5.100226879119873
4.351319789886475,3.6853837966918945
2.5784199237823486,0.9824323654174805
1.4947199821472168,-0.02899646759033203
2.616260051727295,3.2007765769958496
4.157259941101074,6.055171966552734
11.068300247192383,12.55606460571289
12.718299865722656,21.653762817382812
42.812198638916016,35.692161560058594
19.50909996032715,33.858863830566406
47.28129959106445,42.321441650390625
67.78150177001953,72.77005004882812
61.74020004272461,60.60669708251953
27.5216007232666,31.613908767700195
32.35169982910156,27.965003967285156
28.27120018005371,46.5010871887207
17.129600524902344,23.01154136657715
11.882599830627441,18.44245719909668
14.007599830627441,21.359058380126953
10.390299797058105,15.302989959716797
13.25,17.151140213012695
76.81449890136719,48.55084991455078
22.839799880981445,30.15023422241211
36.737701416015625,44.354148864746094
26.28219985961914,26.473129272460938
10.679400444030762,14.640737533569336
5.726280212402344,11.424114227294922
3.992379903793335,6.047617435455322
18.475200653076172,11.983563423156738
9.418000221252441,7.820184230804443
8.047490119934082,10.661581993103027
2.449549913406372,1.1724300384521484
2.937920093536377,1.7963361740112305
7.24029016494751,6.165477275848389
23.82509994506836,23.753265380859375
58.60810089111328,59.52930450439453
44.26070022583008,60.82181167602539
81.87460327148438,79.30345153808594
66.47810363769531,87.59149932861328
72.84480285644531,88.26656341552734
117.63899993896484,105.02769470214844
177.82400512695312,165.3637237548828
88.33370208740234,108.99427795410156
54.15959930419922,53.23045349121094
224.6479949951172,173.04225158691406
160.76699829101562,174.42877197265625
81.6990966796875,128.55929565429688
222.45399475097656,203.880859375
139.72500610351562,134.2050018310547
202.8979949951172,133.42684936523438
84.54149627685547,56.996864318847656
48.503700256347656,88.77780151367188
13.903200149536133,31.459712982177734
37.779998779296875,57.081539154052734
32.854698181152344,40.55877685546875
73.85250091552734,44.62602233886719
8.410090446472168,42.734745025634766
29.358800888061523,20.64826011657715
14.774700164794922,16.07366180419922
11.020500183105469,7.434712886810303
6.802509784698486,5.654447078704834
4.866380214691162,0.3429222106933594
2.929569959640503,0.4041252136230469
1.4908299446105957,0.7895336151123047
4.547269821166992,2.683256149291992
12.094599723815918,12.128737449645996
14.816699981689453,15.819703102111816
18.51930046081543,19.95622444152832
25.63089942932129,22.650136947631836
41.56269836425781,54.524322509765625
36.70320129394531,39.26472473144531
29.48780059814453,39.08654022216797
48.219398498535156,45.58485412597656
72.04060363769531,95.38204956054688
33.0078010559082,56.11838150024414
75.57820129394531,79.58564758300781
161.1840057373047,104.19136047363281
77.25800323486328,85.09963989257812
65.40059661865234,71.27603149414062
53.266700744628906,77.31829833984375
82.22850036621094,97.41607666015625
99.92620086669922,66.06730651855469
88.9708023071289,49.74488067626953
109.14299774169922,127.89556884765625
76.81649780273438,64.66416931152344
55.08689880371094,53.560150146484375
37.4213981628418,50.614356994628906
33.11819839477539,33.17377471923828
36.41960144042969,30.77513885498047
29.7726993560791,23.245206832885742
24.247499465942383,21.09377670288086
17.10919952392578,16.944461822509766
9.441849708557129,5.801229000091553
3.604330062866211,0.9832420349121094
1.0370999574661255,-0.25897979736328125
1.9726899862289429,1.6542463302612305
5.134970188140869,4.895971298217773
11.53279972076416,13.5485200881958
19.638399124145508,21.873748779296875
60.51639938354492,55.52430725097656
32.98970031738281,56.114479064941406
24.7677001953125,83.3906021118164
92.34639739990234,83.84648132324219
46.61539840698242,63.240234375
57.45650100708008,61.48223114013672
84.49629974365234,94.2081298828125
122.16100311279297,138.50772094726562
82.00050354003906,70.0096664428711
106.4990005493164,106.16860961914062
30.937400817871094,43.544960021972656
151.88999938964844,114.79266357421875
201.60299682617188,166.40045166015625
188.07899475097656,142.59536743164062
164.91700744628906,161.84359741210938
96.11470031738281,152.35202026367188
150.46299743652344,125.52114868164062
92.24759674072266,98.47024536132812
69.99320220947266,78.31632995605469
41.4098014831543,43.15741729736328
40.4650993347168,34.307769775390625
31.237899780273438,28.4849910736084
14.398900032043457,13.35844612121582
6.755390167236328,5.433796405792236
6.521460056304932,3.075692653656006
4.799099922180176,0.6251821517944336
2.563620090484619,2.6006269454956055
13.007599830627441,13.053945541381836
24.602399826049805,28.706951141357422
1.9448599815368652,5.407327651977539
25.033899307250977,21.571168899536133
18.45560073852539,18.881488800048828
21.322799682617188,27.11844253540039
7.223599910736084,11.596237182617188
31.2544002532959,34.818756103515625
28.188600540161133,36.92997741699219
85.80139923095703,77.91863250732422
150.84100341796875,145.2991485595703
63.08319854736328,68.68341064453125
20.650299072265625,50.933589935302734
37.50870132446289,34.91718673706055
31.1564998626709,52.85798645019531
83.1156005859375,102.53369140625
89.66470336914062,125.14541625976562
101.16100311279297,98.30467224121094
60.6682014465332,42.53314971923828
46.89459991455078,43.706298828125
72.32080078125,64.50439453125
43.01919937133789,49.621665954589844
49.055198669433594,70.99371337890625
22.41710090637207,40.136085510253906
18.016399383544922,21.65516471862793
6.327610015869141,6.507485389709473
12.577899932861328,17.845928192138672
3.833859920501709,1.1019601821899414
1.3989299535751343,-0.5525035858154297
2.7613298892974854,2.303730010986328
4.590139865875244,5.34689998626709
11.56980037689209,10.538108825683594
17.331899642944336,24.91473388671875
16.5398006439209,17.764310836791992
24.651899337768555,30.44289207458496
14.997200012207031,15.031869888305664
20.701000213623047,21.905473709106445
17.94420051574707,21.50454330444336
14.462800025939941,17.617212295532227
34.79560089111328,29.91283416748047
59.19049835205078,55.40724182128906
50.418399810791016,58.504085540771484
56.59769821166992,67.58568572998047
109.15699768066406,98.99815368652344
142.16600036621094,98.09474182128906
125.10099792480469,163.82659912109375
71.32579803466797,115.08074951171875
48.153499603271484,29.854196548461914
36.96200180053711,68.0889892578125
32.51810073852539,17.190210342407227
22.41309928894043,36.55139923095703
20.135400772094727,17.68532943725586
53.91080093383789,76.373291015625
31.183799743652344,38.75611877441406
23.54129981994629,22.252609252929688
14.470800399780273,13.224946975708008
9.986940383911133,4.145749568939209
5.384009838104248,4.239246368408203
4.173590183258057,-0.01535797119140625
4.587019920349121,3.8396458625793457
1.9845499992370605,4.481785297393799
4.723820209503174,4.2688822746276855
6.638919830322266,7.0433149337768555
13.44260025024414,11.604267120361328
31.560300827026367,30.518766403198242
50.27090072631836,69.19505310058594
32.37369918823242,41.68037796020508
44.15359878540039,37.39263153076172
30.571699142456055,24.560218811035156
69.06729888916016,56.35103988647461
131.6699981689453,91.27810668945312
106.02799987792969,143.29083251953125
220.11300659179688,143.6128692626953
226.49099731445312,177.57481384277344
215.5189971923828,172.37477111816406
154.5590057373047,185.9801025390625
140.697998046875,187.0771484375
179.10000610351562,135.51400756835938
150.10499572753906,151.037353515625
94.8823013305664,135.32003784179688
45.80229949951172,76.20563507080078
22.242399215698242,24.0278263092041
23.965200424194336,26.130094528198242
25.663299560546875,25.03502082824707
18.704700469970703,16.391239166259766
14.265899658203125,14.969049453735352
7.2523698806762695,3.1244945526123047
8.236160278320312,7.562321662902832
3.2668800354003906,0.05607318878173828
7.451849937438965,4.195748805999756
12.257399559020996,16.80951690673828
63.06850051879883,67.14676666259766
23.222900390625,25.88174057006836
65.41429901123047,92.57874298095703
25.362899780273438,63.58913040161133
98.07640075683594,87.25570678710938
169.87100219726562,159.06552124023438
194.33399963378906,162.4214324951172
163.18499755859375,159.6615447998047
198.16900634765625,166.50387573242188
207.0469970703125,196.17877197265625
134.66000366210938,183.15255737304688
82.506103515625,168.87078857421875
176.60699462890625,145.47158813476562
159.0540008544922,127.51400756835938
92.53510284423828,156.5897216796875
171.3070068359375,145.45346069335938
124.52100372314453,146.0175323486328
128.13600158691406,111.27503967285156
113.98899841308594,108.5427474975586
87.86650085449219,81.77069091796875
70.57659912109375,70.05662536621094
53.85369873046875,52.60569763183594
29.4906005859375,27.873294830322266
22.47279930114746,21.578210830688477
18.852399826049805,20.922473907470703
13.079400062561035,13.09852123260498
7.85522985458374,7.275325298309326
3.8360700607299805,0.6046085357666016
1.7329699993133545,0.15367698669433594
9.938570022583008,8.798810958862305
19.897899627685547,18.757579803466797
29.703899383544922,33.51717758178711
54.61640167236328,57.8562126159668
42.3286018371582,39.49839401245117
46.986000061035156,48.49017333984375
72.8989028930664,77.79655456542969
103.98699951171875,102.55345153808594
168.76400756835938,150.80914306640625
106.81199645996094,176.83096313476562
91.21410369873047,136.93052673339844
163.843994140625,191.41819763183594
204.52099609375,201.14874267578125
197.09800720214844,208.57119750976562
111.75800323486328,105.53446960449219
93.22879791259766,151.20750427246094
41.893001556396484,48.79903793334961
72.23809814453125,117.12141418457031
56.67110061645508,65.1079330444336
64.7343978881836,77.62479400634766
70.87809753417969,72.82762908935547
68.52469635009766,65.56733703613281
67.04920196533203,81.1175765991211
41.76679992675781,49.61564636230469
17.409299850463867,21.793212890625
12.908100128173828,14.241837501525879
11.08329963684082,9.296195983886719
6.698740005493164,6.731829643249512
12.987000465393066,12.158337593078613
10.890299797058105,4.546029567718506
2.5811100006103516,0.8770065307617188
3.5108699798583984,2.198455810546875
7.447460174560547,6.5954203605651855
31.788799285888672,35.76604080200195
60.9203987121582,55.34644317626953
83.38999938964844,82.40505981445312
122.59300231933594,73.22512817382812
56.41749954223633,84.30419921875
133.4810028076172,92.22136688232422
43.867801666259766,98.10821533203125
84.67150115966797,120.07255554199219
64.44760131835938,97.08673095703125
64.99980163574219,80.46870422363281
93.52890014648438,74.0416030883789
80.96730041503906,100.6446533203125
90.72750091552734,80.34016418457031
75.52369689941406,63.559329986572266
70.93240356445312,73.8082275390625
55.91510009765625,63.49441909790039
81.33719635009766,79.28805541992188
78.82499694824219,89.95697021484375
141.156005859375,66.76348114013672
121.06099700927734,104.50252532958984
101.09400177001953,96.04003143310547
72.77159881591797,80.96755981445312
43.58549880981445,50.85183334350586
25.21500015258789,24.03137969970703
30.363000869750977,31.45549964904785
22.766199111938477,22.910499572753906
6.1125102043151855,2.2259130477905273
7.814159870147705,5.754485607147217
3.4578399658203125,0.27364253997802734
2.329400062561035,1.1783952713012695
5.864789962768555,3.6053738594055176
11.194299697875977,6.914613246917725
18.88629913330078,18.906103134155273
20.158300399780273,28.871532440185547
17.339599609375,21.10997772216797
25.292400360107422,24.335580825805664
49.93159866333008,48.47734451293945
28.81920051574707,36.12372589111328
40.813201904296875,45.42555236816406
22.550500869750977,31.008556365966797
36.874698638916016,38.190223693847656
55.53160095214844,51.194332122802734
53.03310012817383,56.15364074707031
47.086299896240234,59.91880416870117
95.12680053710938,68.00360870361328
41.65909957885742,45.299339294433594
97.18890380859375,80.85138702392578
73.66729736328125,71.26104736328125
40.03459930419922,75.87833404541016
69.0281982421875,60.305267333984375
49.29719924926758,57.141510009765625
53.96289825439453,53.15605545043945
77.52230072021484,82.96121978759766
44.89789962768555,53.04077911376953
37.707698822021484,39.917640686035156
26.980600357055664,25.617504119873047
18.531400680541992,18.98975944519043
10.99209976196289,9.359192848205566
7.302140235900879,4.784863471984863
2.466900110244751,0.04890918731689453
2.177419900894165,-0.3672208786010742
1.9909900426864624,5.484678268432617
7.032710075378418,9.426128387451172
3.309849977493286,6.792078495025635
12.815400123596191,13.298629760742188
37.43949890136719,35.575477600097656
29.043500900268555,42.92988967895508
17.465700149536133,19.363649368286133
28.26729965209961,32.334224700927734
11.144599914550781,18.963592529296875
17.03510093688965,18.939668655395508
18.385700225830078,16.26351547241211
40.21480178833008,33.628273010253906
9.234359741210938,18.78799057006836
56.85369873046875,53.53014373779297
12.606100082397461,31.952682495117188
35.823001861572266,38.739830017089844
79.98370361328125,50.35564041137695
50.08810043334961,54.37791442871094
31.308700561523438,32.973358154296875
16.241199493408203,34.69183349609375
20.397300720214844,21.773487091064453
41.463401794433594,35.4564208984375
59.71099853515625,18.812808990478516
29.37420082092285,38.257083892822266
17.22920036315918,25.038593292236328
20.7814998626709,18.605379104614258
13.111200332641602,22.602291107177734
7.3338799476623535,4.310880661010742
3.9054999351501465,0.9371824264526367
1.3679100275039673,-0.20728397369384766
1.4293099641799927,0.6402053833007812
5.1162800788879395,3.3666844367980957
9.680780410766602,11.639068603515625
38.772300720214844,26.512704849243164
19.831899642944336,49.77351379394531
122.2959976196289,66.37004089355469
81.72589874267578,84.86546325683594
160.39300537109375,87.49838256835938
131.7209930419922,89.79464721679688
164.76400756835938,88.40817260742188
74.38580322265625,127.81076049804688
168.13499450683594,164.9664764404297
167.91000366210938,184.91616821289062
229.61099243164062,186.97035217285156
229.2209930419922,219.78793334960938
233.52099609375,193.68690490722656
214.49099731445312,206.80227661132812
135.41200256347656,198.6776123046875
123.09500122070312,151.02792358398438
189.13900756835938,152.48641967773438
148.77000427246094,132.46583557128906
125.45999908447266,118.87220764160156
100.39199829101562,85.09192657470703
67.46869659423828,65.71249389648438
69.37319946289062,66.84635162353516
29.39240074157715,32.79773712158203
25.832199096679688,23.31093978881836
15.052900314331055,12.562508583068848
1.4693100452423096,1.2229070663452148
6.951449871063232,1.9733219146728516
8.121199607849121,5.56078577041626
4.0676798820495605,2.0283994674682617
1.1384899616241455,2.523402214050293
12.218999862670898,7.6062140464782715
27.008399963378906,28.654876708984375
66.27940368652344,53.676918029785156
37.34669876098633,85.66140747070312
69.01319885253906,76.85607147216797
115.34100341796875,58.66402816772461
112.1510009765625,96.5060806274414
186.70199584960938,159.3429412841797
205.28399658203125,158.78326416015625
205.10000610351562,219.66213989257812
213.7969970703125,211.44192504882812
218.09300231933594,218.6810302734375
215.71400451660156,222.39427185058594
212.87100219726562,213.02210998535156
203.70399475097656,205.58267211914062
144.5970001220703,200.2063751220703
121.63400268554688,98.752685546875
200.52499389648438,136.15689086914062
151.3769989013672,154.27474975585938
64.10289764404297,84.82658386230469
70.04869842529297,72.82640075683594
80.67539978027344,105.70181274414062
41.91510009765625,49.3045654296875
27.443300247192383,27.86475372314453
17.383699417114258,18.798524856567383
12.407899856567383,14.316761016845703
16.877700805664062,15.158978462219238
11.32610034942627,11.365530967712402
1.894129991531372,1.2026968002319336
6.6792402267456055,4.660426139831543
13.618800163269043,15.318285942077637
18.476299285888672,27.19929313659668
73.88030242919922,27.459564208984375
53.41510009765625,72.52824401855469
39.10540008544922,55.68913650512695
55.23320007324219,59.784427642822266
45.56990051269531,51.205352783203125
133.5229949951172,101.1485824584961
91.14700317382812,90.67695617675781
104.18699645996094,88.51205444335938
176.52099609375,183.5199432373047
221.68800354003906,207.0604248046875
206.23800659179688,208.70101928710938
188.5919952392578,205.70504760742188
213.3419952392578,201.29925537109375
169.45799255371094,170.49569702148438
182.16799926757812,185.76834106445312
173.93899536132812,175.66961669921875
70.22429656982422,129.50967407226562
42.28419876098633,39.565589904785156
91.20249938964844,83.43276977539062
77.49099731445312,70.72869873046875
49.5984992980957,51.64874267578125
27.098100662231445,29.13553237915039
14.297900199890137,14.238916397094727
19.448699951171875,15.013046264648438
7.594490051269531,8.98022174835205
5.388219833374023,4.0118021965026855
1.0198099613189697,-0.6892547607421875
10.176300048828125,5.654657363891602
31.743200302124023,24.534278869628906
33.59239959716797,37.6077995300293
64.2876968383789,55.54664611816406
128.91299438476562,84.26058197021484
136.6540069580078,158.89894104003906
162.06300354003906,107.95242309570312
107.11000061035156,179.4802703857422
91.75420379638672,131.91622924804688
144.22900390625,147.4852752685547
74.14640045166016,124.05462646484375
238.5659942626953,166.58700561523438
116.99199676513672,188.87252807617188
75.53489685058594,183.14120483398438
204.6719970703125,163.2367706298828
208.60499572753906,149.68023681640625
175.02099609375,153.65835571289062
163.51400756835938,127.53924560546875
128.33999633789062,125.82199096679688
101.05699920654297,99.08965301513672
77.0509033203125,73.5688247680664
45.74729919433594,43.24430465698242
23.675100326538086,23.114818572998047
10.88290023803711,11.054349899291992
8.842679977416992,7.191359996795654
7.62952995300293,6.9095048904418945
6.094389915466309,4.389179706573486
4.791900157928467,-0.2700948715209961
2.0262999534606934,-0.23985671997070312
1.7952100038528442,0.9503488540649414
5.585820198059082,4.140443801879883
6.532360076904297,7.691910266876221
7.784749984741211,8.066198348999023
13.733799934387207,19.38132095336914
34.47809982299805,36.514625549316406
40.743499755859375,39.9352912902832
9.101889610290527,23.963632583618164
61.12580108642578,65.22374725341797
37.80970001220703,42.06825256347656
32.969200134277344,61.14111328125
34.623600006103516,73.96248626708984
66.716796875,74.74034118652344
88.37879943847656,96.38948822021484
127.47599792480469,93.40006256103516
87.34110260009766,84.65730285644531
113.52999877929688,112.12579345703125
113.54900360107422,101.80451202392578
109.83200073242188,88.39349365234375
79.31559753417969,83.09199523925781
88.06279754638672,77.25013732910156
38.020599365234375,37.48614501953125
47.0630989074707,48.846160888671875
51.90530014038086,52.50572204589844
9.786009788513184,20.05896759033203
17.436100006103516,18.156532287597656
12.877400398254395,13.471214294433594
14.754500389099121,4.401532173156738
6.336540222167969,11.74101734161377
2.9669599533081055,-0.2507343292236328
1.0180100202560425,0.5305509567260742
5.437679767608643,3.6432223320007324
17.33609962463379,21.0578556060791
46.05390167236328,32.61592102050781
33.3650016784668,33.961246490478516
63.63100051879883,56.431114196777344
25.359600067138672,72.92681884765625
178.66000366210938,139.88417053222656
171.5489959716797,160.25045776367188
158.843994140625,134.93455505371094
198.3300018310547,193.93231201171875
171.42100524902344,148.47439575195312
219.53599548339844,197.17698669433594
216.85299682617188,215.53237915039062
213.22300720214844,219.8370361328125
191.98899841308594,213.4168701171875
191.41900634765625,183.00360107421875
194.53500366210938,176.6022491455078
188.92799377441406,154.34056091308594
162.76400756835938,158.1942901611328
146.13699340820312,147.90223693847656
109.47699737548828,123.02816772460938
74.67179870605469,113.01593017578125
75.3019027709961,76.17793273925781
56.79059982299805,51.38441467285156
24.777999877929688,22.117040634155273
24.15329933166504,17.2946834564209
21.92060089111328,23.63727569580078
17.05590057373047,21.788196563720703
8.117630004882812,4.328794956207275
2.774519920349121,2.040018081665039
2.4182400703430176,-0.10481643676757812
3.364069938659668,1.4241943359375
7.666339874267578,7.338526725769043
23.109800338745117,20.58226776123047
13.816200256347656,22.333660125732422
13.48449993133545,22.13176727294922
18.910400390625,19.754121780395508
15.33549976348877,21.236202239990234
36.26430130004883,31.635578155517578
67.16500091552734,79.04086303710938
143.2209930419922,157.73916625976562
199.5970001220703,181.8942413330078
214.54800415039062,212.6241455078125
231.64199829101562,210.74575805664062
158.76199340820312,210.8101806640625
242.86900329589844,173.16925048828125
127.01300048828125,159.4808349609375
88.62079620361328,151.37379455566406
190.5019989013672,163.68333435058594
77.10639953613281,146.9117889404297
133.41000366210938,133.61434936523438
86.34110260009766,95.02942657470703
92.15170288085938,91.91154479980469
46.389198303222656,50.68129348754883
77.77629852294922,66.46855163574219
56.15840148925781,68.25374603271484
48.630401611328125,50.090240478515625
24.415000915527344,22.462646484375
26.22800064086914,25.75477409362793
19.552000045776367,19.82801055908203
9.951180458068848,8.541622161865234
4.990180015563965,2.7606124877929688
1.7146400213241577,-0.3453483581542969
4.057310104370117,2.950132369995117
8.300270080566406,7.632335186004639
11.681400299072266,15.059869766235352
75.03990173339844,75.8144302368164
124.7490005493164,117.82429504394531
71.99530029296875,80.09872436523438
48.13119888305664,81.48222351074219
52.82899856567383,76.28524780273438
51.299198150634766,73.75389099121094
47.15919876098633,60.68757247924805
29.49570083618164,41.33504104614258
29.446800231933594,31.848011016845703
33.52239990234375,46.353057861328125
76.88780212402344,55.300537109375
60.20690155029297,78.84439086914062
107.68900299072266,90.46849822998047
115.04299926757812,99.45121765136719
116.13999938964844,155.11764526367188
132.9459991455078,128.19454956054688
135.80499267578125,117.86702728271484
85.06289672851562,110.28433227539062
99.66400146484375,96.118408203125
67.49839782714844,74.53271484375
53.740501403808594,50.9571418762207
27.45050048828125,36.647430419921875
17.32539939880371,15.54990005493164
26.54759979248047,20.14637565612793
8.699359893798828,7.41611909866333
6.41156005859375,4.478259086608887
3.992259979248047,0.8863105773925781
1.833240032196045,-0.520686149597168
5.081009864807129,2.9813475608825684
13.776000022888184,13.719085693359375
13.77400016784668,18.504104614257812
15.185600280761719,17.611175537109375
29.148399353027344,31.131385803222656
46.792701721191406,50.8919792175293
81.81829833984375,64.69821166992188
57.45750045776367,69.798583984375
85.03700256347656,76.40797424316406
126.65699768066406,108.57318115234375
78.88159942626953,108.4570083618164
67.29290008544922,61.10316467285156
69.21749877929688,84.58322143554688
37.59299850463867,45.19965362548828
29.305700302124023,34.55958938598633
26.425500869750977,29.975698471069336
48.05720138549805,35.13410186767578
45.60770034790039,45.02771759033203
40.512298583984375,44.9019775390625
44.72010040283203,43.70941925048828
51.497798919677734,54.748992919921875
36.117801666259766,36.76889419555664
34.055198669433594,39.197601318359375
32.312198638916016,34.053253173828125
25.052099227905273,21.17943572998047
48.418399810791016,40.87312698364258
26.72279930114746,26.27271270751953
19.37929916381836,20.08806037902832
10.152600288391113,13.553682327270508
2.9666600227355957,1.7401714324951172
7.461810111999512,1.2736787796020508
4.3449602127075195,3.250884532928467
15.830400466918945,14.803995132446289
10.474800109863281,15.120426177978516
14.934300422668457,12.93845272064209
17.198699951171875,21.6805419921875
13.32129955291748,24.94906997680664
24.03730010986328,27.58263397216797
10.547300338745117,9.418072700500488
19.909099578857422,28.727079391479492
35.739898681640625,57.84893035888672
32.66019821166992,65.12123107910156
164.43499755859375,65.3116226196289
48.66559982299805,56.30686569213867
116.29000091552734,88.3536376953125
112.16799926757812,87.99409484863281
129.64700317382812,125.95780944824219
205.8990020751953,188.8470458984375
78.74199676513672,87.09147644042969
194.33999633789062,125.98981475830078
132.45599365234375,138.675048828125
105.77999877929688,138.19503784179688
123.15699768066406,122.58865356445312
103.5270004272461,95.66690826416016
51.07109832763672,54.11510467529297
51.742401123046875,43.66970443725586
29.383699417114258,29.297653198242188
25.293899536132812,23.6502685546875
16.030000686645508,13.211641311645508
9.500670433044434,8.28337287902832
12.250200271606445,8.910017967224121
5.214409828186035,1.5207281112670898
2.2179999351501465,-0.3775320053100586
2.451390027999878,1.615788459777832
4.363420009613037,4.096006393432617
23.294300079345703,21.53794288635254
25.98979949951172,33.02853775024414
36.76240158081055,55.96223449707031
65.18939971923828,80.28631591796875
74.77210235595703,82.13545227050781
96.76419830322266,138.20376586914062
35.440399169921875,42.31834411621094
12.018500328063965,20.677509307861328
14.155500411987305,19.465259552001953
11.164199829101562,23.5510311126709
18.927099227905273,26.06997299194336
31.88759994506836,32.286865234375
38.519901275634766,37.86024856567383
94.53690338134766,93.9517822265625
155.4550018310547,67.45046997070312
130.5279998779297,171.1239471435547
66.08550262451172,136.754638671875
26.327699661254883,28.944480895996094
36.73099899291992,34.19770812988281
130.12100219726562,111.62134552001953
103.61699676513672,97.5036849975586
68.185302734375,85.97598266601562
33.204498291015625,31.75295639038086
46.43980026245117,50.0367431640625
18.70240020751953,20.296611785888672
23.398300170898438,22.41553497314453
9.110340118408203,7.9818034172058105
8.537750244140625,5.90357780456543
7.059160232543945,5.678918838500977
1.3504899740219116,-0.3755807876586914
4.715179920196533,3.090033531188965
11.93809986114502,14.37431526184082
9.367300033569336,14.52397346496582
22.539600372314453,18.94211769104004
23.358600616455078,23.700695037841797
37.93790054321289,43.85851287841797
9.561490058898926,16.476465225219727
13.174099922180176,20.374679565429688
37.990699768066406,44.64888381958008
85.18830108642578,88.64459228515625
125.20899963378906,118.60328674316406
102.78600311279297,114.65792846679688
218.8300018310547,204.1326141357422
215.7969970703125,214.553955078125
215.406005859375,221.17697143554688
214.45599365234375,217.78643798828125
203.7169952392578,206.80795288085938
195.04200744628906,197.76361083984375
178.5240020751953,178.1949920654297
136.66200256347656,133.62057495117188
147.56199645996094,143.47848510742188
124.58399963378906,123.35474395751953
100.40299987792969,96.39562225341797
74.37899780273438,75.08863830566406
47.17620086669922,42.59354782104492
22.418500900268555,19.110496520996094
10.678000450134277,11.091381072998047
7.298399925231934,6.590073108673096
21.72260093688965,20.792451858520508
3.0108699798583984,4.718818187713623
2.123310089111328,0.14718246459960938
1.9890700578689575,2.263546943664551
7.057539939880371,5.53357458114624
4.793300151824951,9.865640640258789
10.225099563598633,9.695202827453613
18.216400146484375,19.361175537109375
10.176300048828125,14.912317276000977
43.037899017333984,36.92515182495117
43.84000015258789,69.06654357910156
51.84320068359375,70.87525939941406
58.86349868774414,76.31660461425781
109.60099792480469,98.29225158691406
180.00100708007812,130.38275146484375
57.089599609375,84.61056518554688
218.5469970703125,125.37133026123047
138.8699951171875,157.7941436767578
116.61199951171875,159.7903594970703
131.01100158691406,150.97511291503906
185.81900024414062,151.71319580078125
130.88900756835938,145.417236328125
173.82400512695312,136.6379852294922
148.2429962158203,130.46722412109375
116.4800033569336,108.41522216796875
74.60230255126953,74.3729248046875
47.179100036621094,46.10727310180664
23.6653995513916,21.61418914794922
12.7878999710083,14.177711486816406
10.34060001373291,9.512588500976562
8.304280281066895,7.272415637969971
6.72052001953125,5.5182037353515625
4.282800197601318,0.6411094665527344
2.4072000980377197,-0.32674598693847656
2.124039888381958,3.261378765106201
5.156360149383545,5.875039100646973
9.090929985046387,9.633959770202637
10.950300216674805,13.423328399658203
8.087630271911621,11.481754302978516
19.167600631713867,17.89508819580078
18.613800048828125,18.19066619873047
27.901199340820312,28.112422943115234
35.52519989013672,43.542640686035156
35.87350082397461,42.94886779785156
50.717498779296875,47.089012145996094
67.72689819335938,61.34908676147461
96.10320281982422,97.218017578125
76.43669891357422,90.69476318359375
43.91189956665039,56.63197326660156
37.36439895629883,42.69078826904297
34.573001861572266,33.4599494934082
41.285099029541016,45.02477264404297
41.20349884033203,44.73725891113281
44.013301849365234,42.31175231933594
51.78670120239258,50.771095275878906
45.180599212646484,55.28974151611328
81.44080352783203,65.766845703125
38.66709899902344,34.83610916137695
35.759498596191406,32.9423828125
16.16349983215332,12.331579208374023
21.453100204467773,19.556262969970703
12.882599830627441,13.127927780151367
6.7340898513793945,3.788602352142334
1.471619963645935,0.29754638671875
3.304080009460449,2.853395462036133
12.555899620056152,8.141347885131836
24.019100189208984,25.778289794921875
19.027999877929688,27.348041534423828
19.026100158691406,28.800521850585938
20.614500045776367,18.584861755371094
41.45180130004883,36.54913330078125
55.2130012512207,58.23768615722656
66.99430084228516,72.24943542480469
71.01270294189453,92.66264343261719
84.7761001586914,89.87690734863281
118.93199920654297,127.64213562011719
131.44200134277344,112.01435852050781
218.3070068359375,135.49058532714844
87.22450256347656,119.50618743896484
59.232200622558594,132.24917602539062
192.51100158691406,165.131591796875
181.6020050048828,161.8565216064453
168.66600036621094,165.11154174804688
152.38099670410156,148.3111572265625
136.13499450683594,137.99398803710938
106.5199966430664,97.59706115722656
94.2063980102539,91.13021850585938
68.89520263671875,81.01399230957031
60.032798767089844,61.193206787109375
41.75740051269531,39.41136932373047
24.77829933166504,23.895519256591797
18.05419921875,18.67831039428711
14.215800285339355,13.33747673034668
15.277799606323242,12.040533065795898
10.534299850463867,9.086524963378906
4.045539855957031,1.0034637451171875
4.529419898986816,2.8525915145874023
8.580869674682617,8.744047164916992
17.81909942626953,19.072185516357422
42.704898834228516,43.464637756347656
34.98189926147461,49.42845153808594
50.88050079345703,54.69371795654297
71.67070007324219,83.1056900024414
132.32400512695312,118.06111145019531
90.41339874267578,106.46945190429688
185.5970001220703,168.4130096435547
82.70770263671875,115.65234375
91.51679992675781,100.79522705078125
208.41700744628906,204.81100463867188
201.36599731445312,202.65707397460938
197.6959991455078,204.6221923828125
193.35499572753906,196.07577514648438
187.375,186.3925018310547
178.79600524902344,181.52340698242188
165.48899841308594,165.34210205078125
151.50100708007812,151.16842651367188
135.7969970703125,134.38595581054688
120.5,117.97105407714844
81.6146011352539,94.34900665283203
76.7509994506836,57.765541076660156
52.88349914550781,51.802459716796875
42.36579895019531,47.19145965576172
23.451099395751953,22.117692947387695
13.415499687194824,13.225179672241211
20.845600128173828,18.120445251464844
12.800200462341309,16.15668296813965
4.903659820556641,2.447193145751953
1.972480058670044,0.20598793029785156
3.1355700492858887,2.3058385848999023
5.549139976501465,4.424624919891357
13.514900207519531,14.568689346313477
59.56639862060547,61.095680236816406
97.58180236816406,91.4764404296875
54.85409927368164,66.58826446533203
85.92970275878906,81.07193756103516
161.5290069580078,148.27896118164062
126.93900299072266,152.9480438232422
137.41000366210938,95.0855712890625
185.14599609375,144.2686309814453
149.37399291992188,132.09014892578125
195.62600708007812,145.95797729492188
62.99689865112305,71.49017333984375
91.67579650878906,117.93104553222656
74.10540008544922,108.47450256347656
172.74600219726562,152.2301483154297
188.56399536132812,104.59902954101562
54.02289962768555,128.083984375
82.78720092773438,78.17202758789062
64.71479797363281,61.66926956176758
48.871700286865234,52.683597564697266
18.225900650024414,30.195093154907227
11.146900177001953,18.472877502441406
10.30739974975586,11.529253005981445
42.341800689697266,25.625490188598633
17.439300537109375,15.091117858886719
21.95549964904785,21.978382110595703
10.030400276184082,7.350671768188477
14.667799949645996,15.224843978881836
7.848450183868408,2.5561351776123047
1.9301899671554565,0.15130233764648438
3.503509998321533,2.8960189819335938
6.490270137786865,5.809091091156006
10.965800285339355,15.071771621704102
15.390299797058105,20.149829864501953
34.217098236083984,28.908708572387695
46.79119873046875,50.991886138916016
155.57400512695312,82.04893493652344
122.35700225830078,109.90367889404297
85.59040069580078,117.00057220458984
157.31500244140625,173.10801696777344
198.5189971923828,164.34060668945312
205.87100219726562,197.2200164794922
206.53199768066406,212.29391479492188
219.61199951171875,213.82675170898438
208.447998046875,207.73904418945312
219.9530029296875,173.25344848632812
194.802001953125,196.76234436035156
183.99099731445312,186.00303649902344
171.572998046875,170.3856658935547
156.35800170898438,157.08920288085938
139.77200317382812,137.83984375
103.01300048828125,120.28539276123047
88.1176986694336,89.01252746582031
73.52899932861328,73.2106704711914
46.857398986816406,52.0759162902832
22.765899658203125,21.250953674316406
10.793800354003906,12.182287216186523
8.377269744873047,6.783815860748291
7.596489906311035,8.323892593383789
5.803719997406006,4.261150360107422
3.971329927444458,-0.18856143951416016
1.3345500230789185,-0.4358539581298828
3.3016200065612793,3.358067035675049
4.3396100997924805,4.937739372253418
5.744909763336182,6.5518927574157715
16.888099670410156,13.833558082580566
19.856300354003906,32.019935607910156
21.991500854492188,17.5302734375
22.49880027770996,24.411758422851562
45.43040084838867,47.78076934814453
41.286598205566406,36.6939811706543
42.47249984741211,89.00297546386719
61.61029815673828,73.09822082519531
110.41999816894531,112.96083068847656
180.23800659179688,175.42967224121094
203.84300231933594,178.2316131591797
204.33399963378906,183.31094360351562
186.43899536132812,193.20098876953125
177.06100463867188,177.39617919921875
165.6060028076172,165.0761260986328
151.16799926757812,151.87985229492188
135.1009979248047,134.55874633789062
115.66699981689453,113.3158950805664
94.51470184326172,92.47817993164062
69.96029663085938,68.61869812011719
45.936500549316406,41.043060302734375
23.181800842285156,22.009090423583984
11.893400192260742,12.568380355834961
9.319049835205078,8.332231521606445
7.726009845733643,7.002511024475098
6.161310195922852,4.561178684234619
4.0967698097229,-0.26648712158203125
1.9391499757766724,-0.3830080032348633
3.7449100017547607,2.7353882789611816
6.6737799644470215,7.1714701652526855
13.34119987487793,14.548705101013184
20.218700408935547,22.884933471679688
34.704898834228516,45.03974151611328
47.859901428222656,45.52498245239258
124.18199920654297,105.7148208618164
145.38800048828125,144.86358642578125
160.48599243164062,162.8272247314453
102.0989990234375,171.8941192626953
188.97500610351562,167.69570922851562
156.5500030517578,148.9917755126953
217.79200744628906,154.0699005126953
210.0970001220703,170.68760681152344
175.1580047607422,140.2161865234375
78.52960205078125,166.06204223632812
179.14100646972656,144.50802612304688
177.35499572753906,167.58912658691406
108.46900177001953,161.34246826171875
151.5399932861328,145.255126953125
135.28799438476562,132.5008544921875
115.91799926757812,110.60922241210938
94.60549926757812,94.11412811279297
70.94550323486328,70.29073333740234
46.4818000793457,41.187503814697266
24.839799880981445,23.454660415649414
12.567299842834473,13.375943183898926
10.117199897766113,9.294021606445312
9.662759780883789,8.184806823730469
9.562350273132324,9.098066329956055
6.442659854888916,3.2333850860595703
2.4369900226593018,0.16813373565673828
4.401390075683594,4.485257148742676
14.347000122070312,15.857754707336426
19.821199417114258,23.32114601135254
21.034500122070312,20.3642520904541
50.52899932861328,41.53653335571289
103.60199737548828,97.79457092285156
137.7530059814453,136.5738983154297
158.74000549316406,153.13780212402344
168.85499572753906,162.90440368652344
147.71499633789062,168.0196075439453
212.16700744628906,198.35682678222656
180.9510040283203,161.33905029296875
150.43099975585938,168.3377227783203
126.50800323486328,154.05088806152344
193.41799926757812,152.3645782470703
188.35899353027344,169.74098205566406
156.29200744628906,176.31640625
161.95199584960938,163.8459930419922
135.67999267578125,147.25
80.2322006225586,102.47711181640625
124.99299621582031,113.43832397460938
87.25379943847656,98.61434936523438
74.56759643554688,62.42720031738281
53.95289993286133,55.01814651489258
38.910099029541016,47.347747802734375
25.03179931640625,25.158992767333984
17.218900680541992,19.910873413085938
15.958600044250488,17.969200134277344
9.715259552001953,10.762470245361328
5.565120220184326,3.476743698120117
3.872119903564453,2.434988021850586
10.153900146484375,9.810575485229492
17.775100708007812,22.48382568359375
32.633399963378906,29.108917236328125
65.99310302734375,66.41716003417969
93.3595962524414,92.01271057128906
106.94100189208984,104.32553100585938
140.9320068359375,135.17308044433594
157.95899963378906,145.2332000732422
170.21800231933594,162.37750244140625
197.52000427246094,187.15371704101562
199.53399658203125,193.56100463867188
202.88699340820312,203.27769470214844
205.36000061035156,207.76304626464844
210.3249969482422,205.99685668945312
196.88099670410156,196.22671508789062
190.97300720214844,194.03897094726562
180.677001953125,183.50039672851562
174.19000244140625,171.5157012939453
116.802001953125,152.53001403808594
133.62100219726562,124.75186157226562
16.275999069213867,19.799623489379883
18.815099716186523,22.76699447631836
13.62279987335205,13.193181991577148
12.148099899291992,12.119327545166016
35.972999572753906,32.9727668762207
9.59181022644043,9.009501457214355
15.285799980163574,11.012646675109863
11.591300010681152,20.442214965820312
6.819509983062744,7.835864067077637
1.026229977607727,0.5201940536499023
3.6814699172973633,3.756347179412842
11.145500183105469,7.909691333770752
14.342300415039062,27.421525955200195
56.8218994140625,42.05585479736328
112.31400299072266,98.352294921875
81.94519805908203,136.54025268554688
65.16179656982422,77.2734375
171.27099609375,154.64173889160156
184.66799926757812,157.42694091796875
197.82000732421875,173.60910034179688
235.9029998779297,188.41650390625
79.70829772949219,170.03509521484375
56.20029830932617,115.36988067626953
130.90499877929688,141.90753173828125
130.39100646972656,174.41055297851562
58.993099212646484,107.43827819824219
84.42140197753906,92.76663208007812
121.48899841308594,149.18052673339844
71.54810333251953,79.97220611572266
54.846900939941406,86.84597778320312
105.36000061035156,64.92507934570312
28.815000534057617,32.364681243896484
22.72209930419922,27.873899459838867
25.83370018005371,37.938209533691406
13.102100372314453,13.717155456542969
9.284660339355469,9.609990119934082
14.555299758911133,7.331361293792725
10.210800170898438,12.586918830871582
8.934900283813477,8.557378768920898
2.495419979095459,1.2165241241455078
11.413900375366211,9.4681396484375
21.66360092163086,23.126129150390625
44.2318000793457,34.04249954223633
33.26559829711914,32.699886322021484
28.194000244140625,29.97420883178711
29.607200622558594,25.824859619140625
15.645600318908691,39.6290283203125
19.037900924682617,36.02199172973633
28.97319984436035,34.334190368652344
92.43720245361328,112.33012390136719
99.63800048828125,127.92198944091797
67.2426986694336,99.35771942138672
161.89999389648438,140.8267059326172
104.87899780273438,73.35044860839844
80.38710021972656,86.27456665039062
98.05059814453125,86.32025146484375
65.84709930419922,36.50004577636719
69.97329711914062,70.64986419677734
152.53900146484375,148.84033203125
112.76499938964844,101.29795837402344
94.32099914550781,106.75016784667969
79.38929748535156,78.90621185302734
85.2739028930664,78.96196746826172
44.93320083618164,40.04462814331055
30.408599853515625,29.873228073120117
17.242300033569336,17.54993438720703
12.361800193786621,13.893777847290039
7.871679782867432,7.4548845291137695
5.962940216064453,1.374612808227539
2.518120050430298,0.20718669891357422
1.0049099922180176,0.7648544311523438
2.197659969329834,2.898322105407715
6.316410064697266,5.645163059234619
10.969099998474121,9.363903045654297
16.36009979248047,15.057743072509766
10.709199905395508,15.008866310119629
28.75589942932129,31.03769874572754
32.65119934082031,39.346046447753906
35.090599060058594,37.235958099365234
24.50830078125,38.058433532714844
57.536399841308594,61.52197265625
78.89140319824219,86.25128173828125
98.90730285644531,102.00642395019531
80.00430297851562,82.12044525146484
97.84500122070312,90.97004699707031
57.87030029296875,115.74322509765625
58.02870178222656,60.851783752441406
84.70439910888672,107.09525299072266
35.89929962158203,36.300846099853516
20.713499069213867,36.93318176269531
35.51470184326172,35.801475524902344
38.52429962158203,35.5377082824707
28.570999145507812,31.312332153320312
26.674100875854492,25.429641723632812
12.299300193786621,15.019083023071289
24.71820068359375,20.65386962890625
17.571500778198242,22.294708251953125
6.378880023956299,3.7009377479553223
5.5336198806762695,4.565069675445557
1.0238699913024902,-0.1098489761352539
2.8109800815582275,-0.3848590850830078
1.233549952507019,1.4136085510253906
4.018340110778809,4.5449981689453125
9.534500122070312,9.47977066040039
16.031299591064453,15.151451110839844
19.94969940185547,22.62859535217285
29.183300018310547,29.70632553100586
43.12070083618164,36.756141662597656
28.308000564575195,22.552494049072266
29.186199188232422,24.986177444458008
15.195199966430664,17.89835548400879
52.45819854736328,52.320335388183594
49.0702018737793,58.165855407714844
27.859899520874023,33.697532653808594
21.94070053100586,26.905811309814453
75.36969757080078,76.35724639892578
71.29650115966797,51.62318801879883
70.98300170898438,92.1807861328125
58.103599548339844,62.88148498535156
54.02170181274414,57.05928039550781
64.2301025390625,63.12260055541992
82.95590209960938,89.78788757324219
63.00320053100586,69.34147644042969
90.2854995727539,90.73015594482422
84.22979736328125,93.23490905761719
50.39350128173828,71.02682495117188
32.3567008972168,29.187362670898438
15.909299850463867,20.445884704589844
12.20199966430664,11.178810119628906
8.390800476074219,8.938465118408203
6.264579772949219,4.096794605255127
3.9942500591278076,0.7250576019287109
2.117110013961792,-0.18199539184570312
1.299280047416687,2.4816198348999023
3.2343900203704834,5.316577434539795
3.4470200538635254,6.050178050994873
5.2835798263549805,13.040393829345703
13.345399856567383,14.354633331298828
29.579999923706055,20.98476791381836
22.88719940185547,30.148366928100586
19.177799224853516,35.16584396362305
13.351799964904785,17.40182113647461
32.73059844970703,27.49840545654297
49.77479934692383,47.633140563964844
35.85960006713867,45.0473747253418
30.27359962463379,33.831485748291016
37.640098571777344,45.24653625488281
46.994300842285156,52.05385208129883
26.281099319458008,24.043190002441406
42.125701904296875,42.24231719970703
34.89789962768555,44.52149200439453
26.931400299072266,41.94481658935547
27.575300216674805,35.98212432861328
39.44150161743164,29.48935317993164
31.150100708007812,40.42254638671875
14.353699684143066,18.990222930908203
11.926199913024902,11.027323722839355
11.49839973449707,6.922933101654053
10.190699577331543,8.258831024169922
3.3611600399017334,1.592442512512207
4.599329948425293,2.6170692443847656
1.8893400430679321,0.9272575378417969
1.9752700328826904,0.5855340957641602
7.818880081176758,4.546018123626709
12.596599578857422,14.716604232788086
10.604399681091309,13.844115257263184
16.838600158691406,20.60888671875
19.70829963684082,22.410863876342773
26.931100845336914,33.93806457519531
21.768600463867188,24.77075958251953
28.082399368286133,41.00080871582031
34.292301177978516,31.29827880859375
43.27109909057617,68.8252944946289
52.57780075073242,51.10190963745117
116.79100036621094,69.13556671142578
104.87200164794922,127.28570556640625
71.62670135498047,91.48954010009766
113.91999816894531,108.65780639648438
119.07599639892578,121.36550903320312
130.55799865722656,96.47611999511719
80.64790344238281,91.99205017089844
83.75199890136719,89.50857543945312
75.6603012084961,94.11494445800781
44.958900451660156,56.69153594970703
82.4281005859375,82.78607177734375
65.24169921875,66.24071502685547
52.993499755859375,37.47859191894531
35.062599182128906,30.170534133911133
32.219600677490234,27.866119384765625
15.0693998336792,17.442697525024414
11.320099830627441,11.710249900817871
9.760000228881836,4.0467424392700195
2.595050096511841,0.25127506256103516
7.279860019683838,7.045482158660889
16.317100524902344,15.339786529541016
47.999698638916016,40.88844680786133
42.53340148925781,54.53602600097656
55.89509963989258,68.03316497802734
135.58900451660156,135.3468780517578
12.021900177001953,25.92539405822754
42.094398498535156,44.65094757080078
71.35479736328125,87.50626373291016
138.125,137.8153839111328
154.74099731445312,138.1962127685547
95.11289978027344,139.33258056640625
132.3179931640625,124.19468688964844
47.80070114135742,87.4950942993164
25.5447998046875,24.4117431640625
28.971599578857422,27.64650535583496
37.430599212646484,40.35595703125
50.50830078125,55.186981201171875
30.181100845336914,50.22355270385742
51.886600494384766,39.712791442871094
64.44329833984375,99.4928970336914
51.652198791503906,34.38041305541992
56.392799377441406,45.87858581542969
47.572898864746094,35.624053955078125
13.955499649047852,15.437124252319336
29.008100509643555,22.104534149169922
16.028499603271484,14.130786895751953
11.702400207519531,9.554298400878906
5.13985013961792,1.8524351119995117
1.2093600034713745,-0.47457218170166016
2.802680015563965,1.882493019104004
7.646850109100342,9.437253952026367
10.692500114440918,13.80250358581543
13.775400161743164,15.545019149780273
23.700000762939453,25.838645935058594
35.8223991394043,53.57378387451172
54.61880111694336,51.20783233642578
47.65950012207031,58.789512634277344
94.16609954833984,105.63209533691406
56.7067985534668,110.97251892089844
50.807498931884766,50.54077911376953
118.65899658203125,157.31985473632812
87.660400390625,82.80101013183594
69.12429809570312,104.9890365600586
140.177001953125,121.9002685546875
69.52140045166016,97.54054260253906
186.67300415039062,98.76903533935547
155.86599731445312,93.82044982910156
185.83299255371094,166.16650390625
189.22900390625,164.36036682128906
165.8179931640625,130.32421875
143.73899841308594,141.26068115234375
62.159000396728516,96.43043518066406
57.44350051879883,49.38737869262695
63.77080154418945,63.782325744628906
51.30400085449219,48.37778091430664
18.6643009185791,20.255393981933594
16.413799285888672,16.670032501220703
18.04680061340332,20.60406494140625
11.106300354003906,12.170571327209473
7.963890075683594,5.246990203857422
1.9409099817276,-0.09698009490966797
1.1729300022125244,2.1472434997558594
2.651930093765259,4.622397422790527
12.105799674987793,15.651658058166504
20.403499603271484,19.798789978027344
27.920799255371094,41.25517272949219
75.17900085449219,68.77558135986328
161.95899963378906,148.9626922607422
176.55799865722656,160.0387420654297
143.35699462890625,153.09400939941406
178.99099731445312,179.15524291992188
196.6199951171875,190.39859008789062
216.0800018310547,204.4636688232422
214.218994140625,189.70968627929688
201.16600036621094,208.3360595703125
206.3209991455078,194.8519287109375
174.6999969482422,192.23707580566406
128.6580047607422,131.9161834716797
158.12399291992188,155.20535278320312
137.8000030517578,146.2315216064453
136.38800048828125,120.0841064453125
129.70700073242188,110.73184204101562
85.73809814453125,104.96466064453125
52.02830123901367,66.617431640625
39.44309997558594,40.91007614135742
12.453300476074219,14.661735534667969
29.30970001220703,20.437240600585938
25.037900924682617,24.319091796875
16.51569938659668,17.215381622314453
7.039740085601807,5.853984832763672
2.4781999588012695,-0.5611753463745117
3.0345499515533447,0.1459522247314453
1.7011499404907227,0.7120857238769531
1.4518100023269653,4.47605037689209
5.992609977722168,6.258327484130859
16.089799880981445,18.861515045166016
18.497100830078125,20.496898651123047
23.48940086364746,26.37575912475586
25.65999984741211,26.183883666992188
42.769100189208984,39.109375
106.2040023803711,77.90487670898438
104.072998046875,109.42532348632812
128.6060028076172,110.51036071777344
90.2677993774414,116.0726318359375
43.483299255371094,36.431907653808594
78.26499938964844,71.6495132446289
104.7239990234375,85.50720977783203
200.22300720214844,171.7273712158203
217.45799255371094,158.8697509765625
188.17599487304688,163.43943786621094
152.82699584960938,156.32077026367188
123.68499755859375,128.8192138671875
105.3550033569336,98.26187896728516
78.568603515625,74.50587463378906
28.189899444580078,46.96595001220703
25.965900421142578,25.425479888916016
16.74810028076172,18.999692916870117
11.927000045776367,9.652885437011719
23.15049934387207,20.723194122314453
6.065430164337158,5.384668350219727
3.7084898948669434,0.6998748779296875
1.3729300498962402,0.39551353454589844
1.6270099878311157,3.370448112487793
8.056309700012207,9.49343490600586
11.059700012207031,10.405609130859375
35.95970153808594,33.508480072021484
28.808700561523438,32.72645568847656
32.44070053100586,34.70713806152344
38.700801849365234,39.443336486816406
52.49290084838867,55.750797271728516
82.81490325927734,79.66362762451172
96.03780364990234,103.76242065429688
75.55249786376953,80.26947784423828
80.78510284423828,84.8748550415039
105.46800231933594,97.68038177490234
242.06900024414062,184.4156036376953
195.25,192.7053680419922
182.59300231933594,190.73683166503906
134.49000549316406,169.33108520507812
149.18800354003906,146.32943725585938
124.99400329589844,123.57350158691406
100.60199737548828,93.8207015991211
75.56829833984375,73.830078125
49.027099609375,44.48589324951172
23.423900604248047,20.27228546142578
10.755800247192383,10.533557891845703
11.946000099182129,8.156438827514648
7.20842981338501,8.515024185180664
6.713669776916504,4.443280220031738
4.162280082702637,-0.14566326141357422
2.3970301151275635,0.13424205780029297
2.059950113296509,1.372415542602539
5.687160015106201,4.6030354499816895
13.52180004119873,15.084480285644531
55.81439971923828,58.21773147583008
79.75240325927734,79.355224609375
107.4260025024414,102.80636596679688
126.16899871826172,127.01519775390625
148.98300170898438,146.22000122070312
164.4720001220703,163.8380584716797
174.7790069580078,175.05442810058594
198.3090057373047,188.64654541015625
229.97300720214844,158.3641357421875
118.85399627685547,166.18634033203125
238.01199340820312,177.84884643554688
45.45909881591797,163.78997802734375
230.0449981689453,194.1713104248047
55.97890090942383,127.75003051757812
191.7689971923828,134.36109924316406
73.80460357666016,146.22178649902344
184.3679962158203,140.373291015625
144.04100036621094,143.04632568359375
77.48429870605469,111.91954040527344
106.96700286865234,53.70512008666992
18.08340072631836,47.71974563598633
57.43579864501953,51.23237609863281
28.993099212646484,30.963335037231445
17.884199142456055,15.8179349899292
14.099800109863281,13.784469604492188
9.770589828491211,6.972188472747803
13.417699813842773,11.832708358764648
5.111629962921143,1.2049312591552734
1.3745800256729126,0.34055614471435547
5.1356401443481445,5.780924320220947
12.572799682617188,13.354347229003906
7.387629985809326,9.602273941040039
4.450170040130615,7.0528564453125
39.77470016479492,34.52843475341797
25.303800582885742,29.715354919433594
35.68870162963867,30.143823623657227
43.84519958496094,41.925437927246094
24.373899459838867,41.375335693359375
33.512901306152344,32.926448822021484
34.8650016784668,45.60033416748047
89.92330169677734,83.1218032836914
84.45169830322266,100.85011291503906
62.7599983215332,123.55213165283203
68.68499755859375,84.16705322265625
91.78790283203125,90.06942749023438
139.4759979248047,99.46197509765625
50.90589904785156,109.52630615234375
44.041099548339844,70.07858276367188
31.37179946899414,42.32564163208008
27.833799362182617,19.258594512939453
20.694299697875977,9.766276359558105
12.740400314331055,18.911640167236328
12.45680046081543,17.047603607177734
14.251199722290039,3.145660400390625
11.107500076293945,14.968411445617676
1.4428800344467163,1.3311538696289062
1.730049967765808,2.952425479888916
8.194470405578613,8.503209114074707
10.998900413513184,10.517661094665527
24.17259979248047,26.166122436523438
25.190799713134766,29.012882232666016
12.54419994354248,16.944034576416016
24.679800033569336,30.36882781982422
16.321199417114258,29.77803611755371
11.74020004272461,16.059539794921875
22.299100875854492,22.29127311706543
93.29660034179688,94.66246032714844
124.97799682617188,132.63369750976562
117.31199645996094,114.37623596191406
96.13880157470703,102.00688934326172
152.19400024414062,146.7678680419922
142.21400451660156,131.15550231933594
210.20199584960938,182.44119262695312
140.62100219726562,136.661865234375
51.80860137939453,67.28892517089844
21.491500854492188,11.128280639648438
7.527219772338867,5.3216071128845215
17.698400497436523,23.553207397460938
14.034700393676758,19.809003829956055
11.937199592590332,13.116743087768555
10.888099670410156,9.53130054473877
8.260560035705566,7.365394592285156
8.287039756774902,4.547912120819092
8.075090408325195,9.700072288513184
1.1166800260543823,2.2570581436157227
1.8079700469970703,-0.7335290908813477
1.5833300352096558,3.421731948852539
6.168089866638184,7.253110885620117
10.155400276184082,12.189138412475586
19.805099487304688,22.004541397094727
25.57029914855957,27.585988998413086
36.33359909057617,40.10016632080078
26.112499237060547,24.728355407714844
30.77400016784668,35.600311279296875
49.816200256347656,43.51447296142578
85.76820373535156,80.93791198730469
124.76499938964844,113.12065887451172
85.73899841308594,96.07916259765625
115.52200317382812,124.11236572265625
46.05500030517578,53.66872787475586
45.297298431396484,54.45674133300781
24.068199157714844,24.90655517578125
16.07040023803711,26.481464385986328
10.635100364685059,16.28762435913086
6.168449878692627,11.284116744995117
9.597029685974121,11.002731323242188
7.292660236358643,7.688727378845215
5.350059986114502,5.712208271026611
7.432030200958252,5.780346393585205
13.52280044555664,11.244623184204102
6.316530227661133,3.632695198059082
1.4826899766921997,0.11468124389648438
1.39274001121521,-0.6883335113525391
1.7713299989700317,-0.7676668167114258
3.0876998901367188,3.7035012245178223
5.878159999847412,7.510923385620117
6.408760070800781,7.333233833312988
15.1427001953125,17.27846908569336
13.131400108337402,14.149717330932617
8.392760276794434,13.539834022521973
32.525699615478516,33.5777473449707
64.1073989868164,54.66332244873047
79.04429626464844,86.59541320800781
44.259300231933594,42.23518371582031
65.62210083007812,65.65663146972656
34.162200927734375,32.000831604003906
35.208099365234375,44.001670837402344
23.7101993560791,31.018518447875977
37.24909973144531,40.419769287109375
35.96799850463867,36.5765380859375
47.45109939575195,46.51114273071289
47.683799743652344,48.7455940246582
38.770599365234375,41.98339080810547
53.324798583984375,46.848182678222656
48.79169845581055,51.046424865722656
31.8981990814209,37.924400329589844
24.34830093383789,25.273635864257812
24.996400833129883,23.81878662109375
29.486299514770508,29.713573455810547
30.770999908447266,23.516538619995117
39.521400451660156,27.68395233154297
14.78380012512207,16.042259216308594
7.034719944000244,3.969931125640869
7.333049774169922,2.2432479858398438
1.3382500410079956,0.29219627380371094
8.793149948120117,5.566413402557373
7.1051201820373535,7.906833171844482
14.537099838256836,20.07088851928711
48.182701110839844,47.359962463378906
23.356599807739258,34.11445617675781
100.80500030517578,70.30215454101562
51.5531005859375,54.593685150146484
17.1643009185791,25.99295425415039
34.809600830078125,72.47496032714844
22.160400390625,42.612491607666016
42.21730041503906,40.105560302734375
50.94729995727539,57.27374267578125
23.390100479125977,19.24114227294922
31.90489959716797,40.38998031616211
32.14849853515625,41.374515533447266
38.28889846801758,37.234134674072266
17.795799255371094,29.526947021484375
15.068499565124512,20.827810287475586
81.50759887695312,55.12144088745117
136.34100341796875,125.88058471679688
48.99100112915039,73.25222778320312
36.67129898071289,54.53428649902344
47.30189895629883,54.088829040527344
38.0276985168457,39.84143829345703
22.90679931640625,20.015369415283203
27.647199630737305,22.640806198120117
23.028600692749023,22.94036102294922
16.532400131225586,15.251153945922852
6.886539936065674,5.877625465393066
4.056940078735352,0.8296079635620117
1.8606799840927124,2.7622146606445312
2.906899929046631,4.839019775390625
3.9489400386810303,6.490053176879883
4.290410041809082,4.855756759643555
3.644160032272339,4.773845672607422
7.656219959259033,8.160120010375977
31.79960060119629,27.484365463256836
49.44060134887695,58.02399444580078
42.73109817504883,43.355194091796875
46.91059875488281,48.834686279296875
69.31590270996094,71.36505889892578
76.68399810791016,73.94755554199219
61.384700775146484,69.01741027832031
60.777801513671875,58.71106719970703
65.40540313720703,68.21058654785156
66.1417007446289,63.14451599121094
70.93730163574219,80.25941467285156
58.684200286865234,66.25261688232422
63.793800354003906,74.11978149414062
86.19210052490234,85.33362579345703
108.02799987792969,67.91827392578125
105.43000030517578,76.59080505371094
66.77149963378906,72.805419921875
54.43840026855469,55.59522247314453
38.94260025024414,38.774330139160156
29.529199600219727,27.73809051513672
21.920000076293945,21.248289108276367
16.41860008239746,14.973663330078125
7.589869976043701,6.18535852432251
4.844130039215088,0.878173828125
2.6082699298858643,1.956888198852539
7.03449010848999,6.248870372772217
13.876799583435059,16.1101131439209
47.424598693847656,34.29649353027344
70.50430297851562,70.59193420410156
99.40170288085938,94.16781616210938
96.30549621582031,97.51945495605469
103.6510009765625,96.3519515991211
95.84649658203125,110.83463287353516
122.77300262451172,128.7319793701172
177.41900634765625,134.6036376953125
114.18499755859375,129.76220703125
131.4290008544922,115.12216186523438
85.87999725341797,146.80447387695312
71.30870056152344,92.17989349365234
42.36309814453125,52.78301239013672
40.48809814453125,52.227691650390625
46.93519973754883,46.61250686645508
103.45600128173828,91.09234619140625
42.74530029296875,44.04021453857422
31.952800750732422,37.210899353027344
36.40370178222656,42.641021728515625
31.263999938964844,33.15623092651367
32.85530090332031,31.72979164123535
20.494600296020508,17.76624870300293
13.200599670410156,10.134742736816406
5.093440055847168,5.6418328285217285
2.343940019607544,1.035264015197754
2.78971004486084,1.6925840377807617
2.4630300998687744,0.5584030151367188
8.69534969329834,8.653584480285645
6.313029766082764,7.903042316436768
9.953269958496094,11.857643127441406
20.038999557495117,20.16645050048828
46.532501220703125,37.45679473876953
83.60559844970703,67.22653198242188
77.97679901123047,110.40892028808594
64.44750213623047,84.38446044921875
93.68620300292969,105.20347595214844
51.922298431396484,50.7425537109375
41.538700103759766,43.18029022216797
54.66630172729492,72.03499603271484
72.01589965820312,64.70294952392578
132.70799255371094,114.83462524414062
132.85499572753906,118.12588500976562
42.89799880981445,51.170196533203125
56.09510040283203,69.10151672363281
69.9176025390625,60.730369567871094
61.310699462890625,61.055843353271484
90.2970962524414,78.38934326171875
102.59200286865234,66.19647216796875
34.643001556396484,33.8680419921875
29.976600646972656,34.20995330810547
12.295499801635742,14.4929838180542
7.771450042724609,6.929466247558594
5.803160190582275,4.997889518737793
6.538839817047119,5.166808605194092
1.340939998626709,-0.7137765884399414
1.0308400392532349,0.5568208694458008
6.596020221710205,5.128942966461182
14.068400382995605,14.63388442993164
44.2942008972168,46.56697082519531
68.23159790039062,68.40809631347656
96.40779876708984,91.94844055175781
116.5199966430664,116.58885192871094
145.4969940185547,135.42816162109375
160.1580047607422,149.68211364746094
124.61199951171875,168.5143280029297
148.49400329589844,100.81484985351562
108.44599914550781,168.13189697265625
172.4550018310547,93.78558349609375
53.57229995727539,89.53429412841797
69.70359802246094,77.5347900390625
137.5019989013672,121.33866882324219
34.36159896850586,48.461551666259766
213.26600646972656,145.52688598632812
78.01730346679688,117.27668762207031
52.25849914550781,53.598731994628906
88.25990295410156,79.51943969726562
82.46320343017578,99.48664855957031
125.98799896240234,107.91642761230469
66.7219009399414,59.35967254638672
53.68830108642578,52.34938430786133
32.6421012878418,35.95088195800781
28.635299682617188,26.223392486572266
14.628499984741211,14.536689758300781
11.587699890136719,10.243152618408203
3.8449900150299072,5.110100269317627
1.1337499618530273,0.3645515441894531
4.257850170135498,4.902008056640625
17.04170036315918,15.62411117553711
14.372200012207031,17.103071212768555
71.24330139160156,66.84994506835938
36.535499572753906,55.626304626464844
112.40399932861328,70.32490539550781
43.21910095214844,74.58203887939453
21.187299728393555,22.10051155090332
33.53850173950195,30.583454132080078
35.74660110473633,45.550559997558594
45.135799407958984,44.17670440673828
67.31439971923828,66.09099578857422
63.48460006713867,68.13871002197266
208.9340057373047,117.12654113769531
61.932098388671875,78.44780731201172
60.94390106201172,66.50772857666016
59.47589874267578,68.74691772460938
40.5620002746582,49.56570053100586
72.72339630126953,80.2742919921875
53.857200622558594,76.1638412475586
35.0973014831543,36.577392578125
39.07830047607422,40.47759246826172
50.14139938354492,44.78022003173828
43.58420181274414,34.75159454345703
28.603500366210938,27.397388458251953
18.829299926757812,17.665813446044922
13.49590015411377,11.907865524291992
7.7800397872924805,8.224401473999023
6.775990009307861,3.3101563453674316
2.8634300231933594,0.30049896240234375
3.1038899421691895,3.0570788383483887
11.949899673461914,11.188657760620117
22.498699188232422,24.882041931152344
25.849199295043945,28.577068328857422
47.70180130004883,43.15252685546875
58.32149887084961,73.57198333740234
61.14250183105469,65.36117553710938
118.76799774169922,103.7138671875
161.4010009765625,123.83747863769531
154.0850067138672,154.07200622558594
187.1300048828125,158.30661010742188
180.5850067138672,147.69033813476562
171.73899841308594,178.82366943359375
182.66299438476562,170.316162109375
194.5260009765625,182.83509826660156
129.4759979248047,170.92312622070312
163.09500122070312,167.61630249023438
170.73699951171875,168.82373046875
141.30099487304688,140.13050842285156
133.63499450683594,92.83309936523438
90.45459747314453,107.83876037597656
77.69259643554688,73.34193420410156
59.86869812011719,65.99887084960938
45.38570022583008,51.34770202636719
24.005199432373047,23.29006004333496
13.409000396728516,13.107229232788086
19.245899200439453,17.59054946899414
11.005999565124512,13.27001667022705
4.0762200355529785,3.416044235229492
1.4890899658203125,-0.200958251953125
1.7221100330352783,2.5643234252929688
6.2988600730896,8.333247184753418
20.32360076904297,21.924375534057617
26.743600845336914,29.607553482055664
33.6239013671875,31.199026107788086
42.265499114990234,34.04524612426758
50.609798431396484,80.32215881347656
76.6239013671875,66.23309326171875
61.09159851074219,66.37942504882812
35.11130142211914,49.090999603271484
64.28710174560547,56.86651611328125
110.86199951171875,84.26179504394531
75.3656997680664,66.072509765625
74.70659637451172,76.37963104248047
121.85600280761719,117.94281005859375
184.36500549316406,116.70398712158203
35.911399841308594,64.58342742919922
56.97249984741211,49.93488311767578
137.61500549316406,106.37985229492188
13.965700149536133,34.23135757446289
31.172700881958008,42.99504852294922
50.27320098876953,46.311744689941406
37.20589828491211,37.472190856933594
20.570199966430664,22.345705032348633
4.493480205535889,6.42894172668457
2.038980007171631,2.6275548934936523
8.695090293884277,4.875022888183594
5.829830169677734,7.187554836273193
3.2599899768829346,1.1140823364257812
1.260740041732788,-0.8350753784179688
3.848220109939575,3.8068413734436035
19.544599533081055,17.97829818725586
16.66390037536621,24.19118881225586
25.718900680541992,27.80664825439453
14.213800430297852,40.90582275390625
58.9557991027832,71.27259063720703
86.05549621582031,105.17538452148438
82.1636962890625,71.39762878417969
153.6510009765625,105.13592529296875
58.23649978637695,75.82145690917969
125.0260009765625,96.8045425415039
148.9949951171875,160.62356567382812
103.62300109863281,134.33859252929688
130.65699768066406,115.80113983154297
118.75399780273438,134.3372802734375
100.37799835205078,115.16656494140625
124.27899932861328,104.44430541992188
118.78199768066406,118.92771911621094
15.384499549865723,17.510974884033203
13.104499816894531,20.787118911743164
72.99800109863281,65.46678924560547
27.59480094909668,34.18073272705078
40.962799072265625,28.88408660888672
33.2411003112793,36.149993896484375
40.04100036621094,28.841163635253906
23.236799240112305,31.170757293701172
25.249900817871094,17.311546325683594
12.444100379943848,12.979589462280273
8.107370376586914,2.6628684997558594
2.440160036087036,0.4642210006713867
1.022779941558838,2.079191207885742
5.970069885253906,6.391605377197266
11.89430046081543,12.159435272216797
23.03019905090332,26.48438262939453
32.152400970458984,34.82829284667969
19.87190055847168,26.176559448242188
31.740999221801758,33.073158264160156
69.31999969482422,52.85953903198242
60.223201751708984,63.113101959228516
41.64339828491211,64.30757904052734
25.885000228881836,38.8410758972168
57.864498138427734,36.33195114135742
15.777000427246094,39.27048110961914
36.52870178222656,60.1684684753418
66.99250030517578,38.595027923583984
39.82659912109375,55.90953826904297
25.144500732421875,37.148643493652344
42.964599609375,44.10860061645508
50.53300094604492,56.15818786621094
42.100101470947266,38.05170440673828
24.487199783325195,42.81855773925781
21.542299270629883,18.316692352294922
33.54629898071289,29.83654022216797
28.79170036315918,26.45192527770996
28.818099975585938,30.154970169067383
9.43727970123291,13.869933128356934
7.122119903564453,5.1786417961120605
11.773799896240234,10.400732040405273
2.3831698894500732,3.98422908782959
5.195059776306152,7.514104843139648
46.41559982299805,45.52393341064453
60.6953010559082,46.26081085205078
74.33689880371094,82.06643676757812
58.772701263427734,83.32673645019531
97.38159942626953,88.2861557006836
193.70599365234375,128.03549194335938
168.34500122070312,133.85589599609375
132.86199951171875,134.33148193359375
165.08599853515625,119.38473510742188
220.99899291992188,143.05274963378906
158.9409942626953,120.50676727294922
144.69900512695312,176.5975341796875
193.41000366210938,162.79544067382812
192.78199768066406,189.41598510742188
182.76800537109375,183.80426025390625
173.49000549316406,172.0746612548828
159.16000366210938,159.44361877441406
141.91600036621094,140.10968017578125
122.25599670410156,118.83799743652344
95.49909973144531,91.11266326904297
70.31939697265625,62.88414001464844
53.98939895629883,37.592185974121094
27.830299377441406,25.44106674194336
24.302000045776367,20.82266616821289
20.16080093383789,21.614154815673828
14.435799598693848,12.909797668457031
7.865220069885254,6.947094440460205
3.641119956970215,0.5660762786865234
1.128440022468567,1.949915885925293
13.968400001525879,8.569189071655273
28.857500076293945,24.424823760986328
22.897199630737305,47.72214889526367
96.0364990234375,80.32183837890625
53.20940017700195,85.41647338867188
140.7760009765625,114.41714477539062
86.91069793701172,95.12093353271484
75.2302017211914,56.90129089355469
183.83700561523438,149.2396240234375
98.393798828125,159.41314697265625
154.38800048828125,127.81263732910156
78.94239807128906,82.53435516357422
59.89820098876953,89.21106719970703
48.15439987182617,56.66067123413086
74.7593994140625,83.29660034179688
100.89399719238281,96.90888977050781
56.884498596191406,76.56805419921875
56.0343017578125,50.644935607910156
32.567501068115234,38.35946273803711
34.08039855957031,33.77153015136719
35.16469955444336,35.766387939453125
15.105400085449219,16.410585403442383
11.427599906921387,16.803375244140625
8.477649688720703,7.233866214752197
13.319700241088867,14.492342948913574
9.79407024383545,11.042235374450684
13.302800178527832,16.863880157470703
1.96943998336792,2.169788360595703
4.566679954528809,4.181512355804443
10.051400184631348,8.825517654418945
20.4601993560791,21.32752227783203
29.96809959411621,29.807491302490234
19.00670051574707,27.255298614501953
31.63680076599121,38.188228607177734
29.684600830078125,43.64862060546875
35.96969985961914,30.225418090820312
44.907798767089844,71.44835662841797
72.13059997558594,68.37652587890625
47.32500076293945,44.34975814819336
79.77519989013672,97.1832046508789
19.919200897216797,23.75556182861328
16.811500549316406,17.170143127441406
46.05780029296875,46.23731231689453
26.891599655151367,45.99144744873047
30.20560073852539,42.20358657836914
19.16699981689453,25.4390869140625
36.09830093383789,39.615509033203125
13.787400245666504,19.047916412353516
28.21030044555664,21.39972496032715
24.06909942626953,22.144519805908203
10.531800270080566,17.88022232055664
6.88394021987915,7.8804545402526855
22.1560001373291,13.801154136657715
18.47439956665039,23.225004196166992
15.470399856567383,14.687339782714844
13.179900169372559,14.668530464172363
5.930689811706543,1.294489860534668
1.7170900106430054,0.4382200241088867
4.865920066833496,3.6952943801879883
11.43280029296875,13.403356552124023
13.038900375366211,19.422481536865234
24.766300201416016,45.856292724609375
99.85399627685547,83.93220520019531
96.331298828125,86.51570129394531
139.17300415039062,80.50315856933594
132.5019989013672,87.18655395507812
190.20799255371094,137.22914123535156
196.12600708007812,147.6512908935547
188.7779998779297,188.19541931152344
214.18600463867188,174.83181762695312
158.80799865722656,208.85061645507812
220.0290069580078,158.68600463867188
105.75399780273438,135.56243896484375
72.91600036621094,85.3853988647461
17.249099731445312,40.79650115966797
64.12300109863281,67.31468200683594
99.07150268554688,53.42013931274414
56.247398376464844,58.95330047607422
124.54499816894531,120.30503845214844
54.21770095825195,45.75216293334961
75.95130157470703,76.3414535522461
40.6875,54.65665054321289
23.011499404907227,22.935266494750977
11.059100151062012,11.546405792236328
8.949760437011719,6.808460712432861
6.3126301765441895,4.410564422607422
4.399290084838867,1.1676521301269531
2.160749912261963,-0.4322805404663086
1.4094599485397339,1.7783746719360352
9.383540153503418,8.24098014831543
7.069550037384033,12.249332427978516
16.766000747680664,20.819948196411133
30.349199295043945,32.20310974121094
42.81589889526367,44.167633056640625
60.47919845581055,62.242515563964844
20.408700942993164,26.290678024291992
26.56839942932129,32.55173110961914
44.56719970703125,40.589420318603516
78.42919921875,63.20101547241211
85.28079986572266,101.59270477294922
78.7594985961914,76.8846435546875
83.89510345458984,114.76985168457031
59.501399993896484,56.64105224609375
176.89700317382812,107.09225463867188
196.33200073242188,166.11734008789062
173.13099670410156,167.0898895263672
137.60699462890625,147.95986938476562
143.6280059814453,107.44775390625
42.18389892578125,82.09540557861328
24.052400588989258,23.054786682128906
65.15170288085938,88.28378295898438
43.487300872802734,46.89281463623047
21.20509910583496,25.431255340576172
11.032999992370605,7.84308385848999
8.461219787597656,6.368409633636475
7.034289836883545,4.664450168609619
4.84768009185791,1.770524024963379
2.600749969482422,-0.2894153594970703
3.7741799354553223,3.484874725341797
20.36639976501465,22.48526382446289
44.340999603271484,45.99028778076172
67.4083023071289,68.2309341430664
74.84359741210938,83.79490661621094
112.28800201416016,99.70472717285156
138.4239959716797,133.33828735351562
146.08299255371094,142.80274963378906
164.01800537109375,154.29067993164062
174.83099365234375,166.02467346191406
145.46200561523438,157.3858184814453
176.5070037841797,154.87054443359375
200.177001953125,138.90817260742188
142.3179931640625,146.74774169921875
149.97900390625,146.1802978515625
139.21800231933594,129.92530822753906
164.91700744628906,157.310546875
162.63299560546875,126.02154541015625
149.8939971923828,131.64822387695312
50.364200592041016,97.03140258789062
48.13779830932617,69.51483917236328
66.86759948730469,73.76168823242188
79.90609741210938,82.27205657958984
46.48849868774414,53.072662353515625
24.884899139404297,26.071666717529297
25.159400939941406,20.20332145690918
11.149999618530273,8.603771209716797
7.752049922943115,6.710915565490723
4.248439788818359,0.9595270156860352
3.991569995880127,-0.14021587371826172
2.9195199012756348,3.042985439300537
19.03809928894043,21.850791931152344
35.39860153198242,36.85875701904297
72.8490982055664,74.2912826538086
98.55560302734375,86.17343139648438
117.99199676513672,116.19198608398438
142.53199768066406,136.26344299316406
163.89300537109375,156.14480590820312
169.97500610351562,161.92164611816406
182.58099365234375,180.05126953125
192.45899963378906,189.47494506835938
195.6269989013672,191.6934814453125
196.83200073242188,196.229736328125
205.36199951171875,162.31671142578125
227.29400634765625,132.90194702148438
205.51800537109375,138.69314575195312
175.44700622558594,159.3896026611328
161.96400451660156,157.27781677246094
146.24000549316406,143.82760620117188
74.00409698486328,103.0587158203125
84.37979888916016,104.60008239746094
44.536598205566406,49.799434661865234
46.23619842529297,31.02656364440918
60.44070053100586,65.27239990234375
25.951799392700195,23.721420288085938
19.89349937438965,19.681488037109375
10.632100105285645,8.163137435913086
14.030200004577637,8.147832870483398
6.471980094909668,3.6541900634765625
2.155359983444214,0.2920989990234375
4.323239803314209,3.5795817375183105
14.701600074768066,15.286391258239746
40.55720138549805,41.64897155761719
39.67060089111328,54.10696792602539
93.5947036743164,92.53961181640625
95.99710083007812,87.43795776367188
74.96070098876953,98.6316146850586
55.342098236083984,80.85336303710938
51.816898345947266,69.75189208984375
113.60600280761719,102.24990844726562
91.3196029663086,97.72727966308594
215.30499267578125,146.2112274169922
174.27200317382812,179.41436767578125
211.52999877929688,134.89944458007812
128.47999572753906,130.66839599609375
61.94860076904297,134.95693969726562
95.19660186767578,110.64117431640625
97.0177993774414,118.54435729980469
103.1050033569336,101.43989562988281
99.28939819335938,94.81939697265625
81.97789764404297,71.33544158935547
78.02279663085938,80.7449951171875
66.48069763183594,74.78713989257812
49.039798736572266,55.17601013183594
37.40480041503906,36.923282623291016
29.56719970703125,24.205615997314453
24.0802001953125,22.243289947509766
16.024799346923828,14.926687240600586
11.055800437927246,6.093083381652832
4.506350040435791,1.0696449279785156
2.4246699810028076,2.391202926635742
14.399399757385254,9.418323516845703
30.34980010986328,27.256786346435547
39.152801513671875,60.10124588012695
65.0342025756836,69.32192993164062
58.16960144042969,68.07179260253906
124.63700103759766,127.45906066894531
142.18499755859375,112.39540100097656
153.07200622558594,152.98272705078125
188.0709991455078,148.1050567626953
121.12000274658203,137.19119262695312
187.55099487304688,177.5218505859375
185.02499389648438,166.91973876953125
189.8000030517578,183.8814239501953
187.0760040283203,190.0492401123047
110.4540023803711,118.55088806152344
166.9149932861328,164.290771484375
149.5919952392578,155.94334411621094
143.5989990234375,141.879150390625
125.22200012207031,128.12156677246094
114.83599853515625,107.37698364257812
98.69650268554688,97.02665710449219
59.98899841308594,60.75053787231445
62.644500732421875,33.35713195800781
40.59479904174805,27.188800811767578
16.68939971923828,15.962599754333496
21.323200225830078,23.340557098388672
16.222999572753906,12.174256324768066
4.289639949798584,0.567143440246582
2.0100200176239014,0.3091564178466797
1.7675800323486328,3.3292336463928223
11.427900314331055,12.690118789672852
49.18170166015625,35.20558166503906
47.41699981689453,45.99576187133789
105.59200286865234,88.66140747070312
127.58799743652344,117.34435272216797
150.28599548339844,140.68060302734375
163.5959930419922,165.69935607910156
175.80099487304688,147.3765106201172
187.2899932861328,173.3311767578125
192.57400512695312,184.72483825683594
192.53199768066406,188.33200073242188
126.62300109863281,138.2677459716797
187.72799682617188,180.290771484375
177.3159942626953,175.0371551513672
162.77999877929688,169.66281127929688
161.98800659179688,161.21041870117188
145.1999969482422,136.216064453125
128.5850067138672,126.18568420410156
108.12799835205078,103.19380187988281
87.41410064697266,84.54354858398438
64.36820220947266,64.20008850097656
42.14229965209961,37.587989807128906
21.99570083618164,20.70545196533203
12.941300392150879,11.923484802246094
11.043800354003906,10.518463134765625
9.028180122375488,7.222034454345703
6.024280071258545,2.548215866088867
2.0031299591064453,-0.07859230041503906
3.910629987716675,3.1609225273132324
20.207000732421875,19.447978973388672
22.447900772094727,38.67022705078125
35.12369918823242,33.03677749633789
43.16450119018555,53.121002197265625
111.62699890136719,86.57489776611328
122.96900177001953,108.02107238769531
54.36349868774414,63.94091033935547
125.15599822998047,170.03823852539062
95.0198974609375,107.68930053710938
108.58100128173828,117.433349609375
60.00019836425781,65.83680725097656
49.49909973144531,59.04429244995117
64.720703125,63.515235900878906
64.00170135498047,101.95012664794922
71.24510192871094,70.59181213378906
58.770301818847656,51.88678741455078
234.01199340820312,90.90084838867188
180.76600646972656,114.07164001464844
59.05179977416992,62.596527099609375
74.22720336914062,45.48133087158203
32.48429870605469,46.374183654785156
24.84280014038086,19.446683883666992
20.37420082092285,26.825210571289062
13.315299987792969,17.837921142578125
2.7095699310302734,3.1057662963867188
1.0711899995803833,0.5638704299926758
2.0734000205993652,2.1411609649658203
9.410429954528809,9.214229583740234
16.738399505615234,20.433935165405273
25.000200271606445,27.875364303588867
48.472801208496094,38.184593200683594
30.01409912109375,34.11326599121094
123.71399688720703,68.86260223388672
91.62850189208984,141.05181884765625
163.5970001220703,132.19871520996094
123.01499938964844,108.26084899902344
219.86700439453125,147.809814453125
54.467098236083984,159.19216918945312
213.60000610351562,169.5187225341797
155.82200622558594,194.4734344482422
175.80799865722656,179.1677703857422
150.98800659179688,169.19418334960938
178.718994140625,160.41860961914062
174.76800537109375,168.5
152.697998046875,125.17618560791016
141.67799377441406,140.0261688232422
117.36699676513672,118.85711669921875
93.6343002319336,92.2042465209961
68.04049682617188,68.2393569946289
41.93669891357422,35.704036712646484
19.002300262451172,17.66942596435547
10.106399536132812,7.5866618156433105
20.232200622558594,19.476173400878906
1.988420009613037,1.0603609085083008
5.7283501625061035,0.7198019027709961
2.252650022506714,1.1988458633422852
3.3057799339294434,2.9926915168762207
7.141109943389893,5.835157871246338
5.3568902015686035,10.09970474243164
16.193599700927734,27.82192611694336
29.12540054321289,25.170886993408203
92.61990356445312,71.18451690673828
54.20759963989258,69.4905014038086
33.042701721191406,46.61015319824219
32.13779830932617,44.501441955566406
23.83489990234375,28.480701446533203
39.78269958496094,40.68858337402344
40.089599609375,43.78398513793945
48.562198638916016,57.14695358276367
28.799999237060547,33.152793884277344
39.94729995727539,36.98469161987305
81.2228012084961,77.44328308105469
85.34940338134766,104.75437927246094
44.53929901123047,37.71976089477539
26.249799728393555,49.554466247558594
16.308799743652344,19.98973274230957
18.85700035095215,16.133750915527344
20.068700790405273,22.188949584960938
26.103700637817383,24.739246368408203
18.118799209594727,18.18240737915039
8.832590103149414,7.288723468780518
4.273650169372559,7.175786018371582
3.247730016708374,1.2975683212280273
3.472100019454956,-0.04371070861816406
2.572050094604492,4.131816387176514
3.079819917678833,4.966924667358398
17.710599899291992,16.729366302490234
103.50499725341797,87.6456527709961
21.708499908447266,33.52088928222656
31.159700393676758,36.13477325439453
38.25279998779297,34.04644012451172
48.95940017700195,68.06922912597656
138.18800354003906,67.6156234741211
212.30299377441406,188.34042358398438
29.736499786376953,62.60968780517578
25.058799743652344,57.792022705078125
24.949800491333008,40.839149475097656
42.386199951171875,35.10154724121094
165.35499572753906,140.70655822753906
57.940101623535156,172.23385620117188
86.00810241699219,98.18309783935547
34.671600341796875,52.47100067138672
65.11119842529297,72.26153564453125
41.07040023803711,41.9740104675293
41.40480041503906,45.496795654296875
28.344900131225586,26.88075828552246
28.410999298095703,19.998836517333984
31.86280059814453,21.683853149414062
6.230090141296387,8.348066329956055
2.984450101852417,3.850733757019043
9.045559883117676,11.910270690917969
66.67500305175781,62.39434051513672
98.57420349121094,95.72691345214844
64.33280181884766,85.89468383789062
57.29499816894531,55.93653106689453
30.426599502563477,33.214134216308594
61.202999114990234,57.5951042175293
52.882198333740234,52.81307601928711
147.947998046875,68.05062103271484
229.3470001220703,119.87515258789062
214.8979949951172,180.5732421875
122.34500122070312,103.71306610107422
222.43499755859375,138.47315979003906
80.44039916992188,98.48291015625
71.10009765625,81.74589538574219
156.14999389648438,150.91934204101562
91.12409973144531,160.44143676757812
115.69100189208984,129.49984741210938
89.54000091552734,104.42913818359375
53.46179962158203,53.60893249511719
89.01750183105469,48.50760269165039
22.773500442504883,26.320388793945312
37.969200134277344,25.313077926635742
12.35949993133545,15.792743682861328
7.840640068054199,6.529183387756348
5.801730155944824,2.8696017265319824
3.5165600776672363,0.20258045196533203
2.5339601039886475,3.2889404296875
7.047880172729492,7.688286781311035
10.232099533081055,10.863441467285156
12.607099533081055,15.438486099243164
15.892000198364258,18.16008758544922
19.846399307250977,21.90508460998535
26.257999420166016,24.242008209228516
21.95439910888672,25.870471954345703
36.00740051269531,38.64031982421875
48.9827995300293,50.92887878417969
39.79359817504883,36.88283157348633
75.63159942626953,65.9532470703125
53.74729919433594,54.826114654541016
62.31079864501953,92.66754913330078
48.32929992675781,67.51960754394531
22.385299682617188,27.979690551757812
18.216800689697266,24.539199829101562
51.11790084838867,49.70797348022461
48.041900634765625,50.214080810546875
50.67319869995117,52.354888916015625
43.637001037597656,44.178611755371094
32.36690139770508,33.14594268798828
53.49399948120117,39.734405517578125
32.807498931884766,35.902915954589844
20.828399658203125,20.676677703857422
17.88450050354004,9.70962142944336
7.692599773406982,7.447365760803223
3.653589963912964,0.772639274597168
1.993749976158142,4.144851207733154
3.913670063018799,6.546189308166504
11.029999732971191,15.134794235229492
13.299599647521973,19.175382614135742
21.87339973449707,24.77882194519043
20.236900329589844,21.300601959228516
27.01300048828125,30.618938446044922
32.45949935913086,30.881269454956055
34.999698638916016,34.428627014160156
89.01329803466797,68.78380584716797
62.17020034790039,67.26763916015625
85.08280181884766,50.73480224609375
84.38279724121094,60.31633758544922
55.09170150756836,63.82368469238281
28.52239990234375,34.1116943359375
26.593900680541992,21.2120304107666
21.996400833129883,36.77842330932617
10.532099723815918,19.161720275878906
20.475400924682617,27.092571258544922
5.368289947509766,10.719226837158203
8.263099670410156,8.082816123962402
4.601630210876465,11.809223175048828
7.180180072784424,4.8691792488098145
4.815830230712891,8.762075424194336
2.793649911880493,4.095331192016602
3.7051799297332764,2.391921043395996
2.351789951324463,2.476289749145508
3.9175400733947754,4.82413387298584
11.09749984741211,12.506568908691406
22.2012996673584,25.54102325439453
54.19810104370117,40.30522918701172
23.317100524902344,41.446441650390625
23.74180030822754,25.112987518310547
84.22769927978516,71.02442932128906
147.218994140625,70.42845153808594
180.39199829101562,85.0715103149414
43.94670104980469,150.36618041992188
211.83399963378906,176.56747436523438
171.49600219726562,198.8505859375
210.77499389648438,178.6284942626953
201.63900756835938,197.64866638183594
192.63099670410156,192.77767944335938
181.41900634765625,180.42974853515625
163.29600524902344,160.21517944335938
138.51499938964844,136.44627380371094
118.21399688720703,110.78941345214844
93.25669860839844,87.44642639160156
52.82569885253906,56.585391998291016
57.83470153808594,41.849693298339844
17.846900939941406,18.895977020263672
11.372699737548828,7.1060872077941895
12.758299827575684,11.227008819580078
3.917419910430908,2.1519556045532227
4.454850196838379,0.4557838439941406
1.1754200458526611,-0.10043907165527344
3.4500598907470703,5.354948043823242
11.332900047302246,9.492067337036133
7.380030155181885,9.061529159545898
9.604920387268066,13.516609191894531
16.706300735473633,17.262285232543945
43.10070037841797,33.862205505371094
51.1265983581543,40.00423049926758
44.77859878540039,55.88755416870117
15.087800025939941,23.224807739257812
58.10960006713867,61.631778717041016
124.19100189208984,85.69923400878906
55.7130012512207,61.612586975097656
121.16300201416016,92.07330322265625
97.97059631347656,117.74906158447266
170.53900146484375,140.24119567871094
167.27000427246094,169.8975830078125
155.5030059814453,143.17568969726562
132.68899536132812,118.95677185058594
113.55899810791016,96.45834350585938
91.10449981689453,72.28524780273438
61.679901123046875,57.49828338623047
41.41419982910156,32.84286880493164
19.65999984741211,18.87677764892578
14.623800277709961,13.012720108032227
12.190699577331543,11.064516067504883
7.465479850769043,7.270817756652832
3.3861000537872314,0.6085309982299805
2.7223799228668213,2.2935476303100586
13.458000183105469,14.22127914428711
25.783000946044922,32.56390380859375
57.17300033569336,58.2136116027832
91.71589660644531,80.37139892578125
112.36699676513672,104.28826904296875
139.94000244140625,126.19816589355469
149.31900024414062,149.6331787109375
166.74899291992188,166.66896057128906
179.0500030517578,172.78817749023438
192.66000366210938,190.02072143554688
197.6510009765625,196.24209594726562
198.6820068359375,198.11785888671875
200.35299682617188,197.34091186523438
194.66900634765625,194.12289428710938
191.18600463867188,186.39527893066406
179.64100646972656,178.46533203125
167.55999755859375,163.8888702392578
91.19969940185547,122.81096649169922
137.32899475097656,103.10577392578125
98.65039825439453,105.52278137207031
82.58509826660156,78.4006118774414
59.26139831542969,57.833770751953125
34.5077018737793,29.953441619873047
15.523900032043457,13.779403686523438
9.283729553222656,6.535683631896973
7.095779895782471,5.167947292327881
5.01963996887207,3.3388867378234863
2.3503201007843018,-0.3543434143066406
4.972650051116943,6.298154354095459
6.53695011138916,5.995190620422363
16.519399642944336,12.54245376586914
33.71390151977539,31.207988739013672
27.857200622558594,42.52696990966797
104.45600128173828,84.95496368408203
157.82400512695312,122.5579605102539
47.56449890136719,54.84920883178711
22.889699935913086,47.973236083984375
25.260499954223633,47.67015838623047
22.131399154663086,25.032299041748047
14.354999542236328,23.99117088317871
18.99839973449707,32.442138671875
39.984500885009766,24.90223503112793
163.05099487304688,123.446533203125
101.31999969482422,93.12054443359375
99.57150268554688,66.34490203857422
132.40499877929688,112.81228637695312
110.052001953125,96.20556640625
87.49099731445312,85.63850402832031
60.717201232910156,64.96208953857422
35.53559875488281,31.973804473876953
14.130999565124512,12.404321670532227
7.473639965057373,4.853442192077637
7.111120223999023,4.8706254959106445
5.666359901428223,3.4481992721557617
3.653670072555542,0.3645143508911133
1.4355100393295288,-0.08042335510253906
3.886660099029541,5.003116607666016
13.319600105285645,16.70590591430664
22.527299880981445,20.81208038330078
49.608699798583984,43.29454040527344
56.390201568603516,50.323951721191406
59.573299407958984,59.66752624511719
61.25960159301758,48.10721969604492
39.01449966430664,42.60004806518555
18.27560043334961,28.837228775024414
19.849199295043945,31.71187973022461
34.77470016479492,33.72005844116211
32.127498626708984,40.332061767578125
33.004600524902344,34.970069885253906
23.87179946899414,28.437973022460938
22.32430076599121,24.78955841064453
14.266900062561035,19.83716583251953
11.739700317382812,18.286380767822266
22.240999221801758,23.53782844543457
16.055200576782227,19.00368881225586
16.677600860595703,13.46871566772461
15.355799674987793,16.75063705444336
7.512440204620361,7.147337436676025
5.931230068206787,4.517662525177002
3.3492300510406494,6.730440616607666
2.864880084991455,4.69508171081543
1.0728700160980225,1.5260210037231445
5.78794002532959,5.570530414581299
3.2020599842071533,6.032177925109863
13.666600227355957,14.441646575927734
23.991899490356445,27.07466697692871
114.68599700927734,102.59774780273438
135.78700256347656,131.46665954589844
150.23599243164062,151.17225646972656
162.68699645996094,161.86648559570312
181.5780029296875,173.29396057128906
164.2469940185547,186.15078735351562
173.16400146484375,188.28948974609375
204.07400512695312,198.03146362304688
180.66900634765625,194.658447265625
205.60499572753906,172.99700927734375
188.6840057373047,179.0587921142578
178.88800048828125,175.48135375976562
164.03599548339844,159.8030548095703
147.48399353027344,144.6990966796875
118.40299987792969,127.75151824951172
102.90899658203125,102.00636291503906
85.46910095214844,83.70770263671875
58.028099060058594,57.42327117919922
34.873600006103516,29.599933624267578
15.667400360107422,15.317939758300781
12.527999877929688,8.819111824035645
7.646120071411133,7.316441059112549
2.6023199558258057,0.8951396942138672
1.5750000476837158,-0.7456741333007812
1.3333899974822998,3.6351685523986816
3.047800064086914,5.981673717498779
4.545619964599609,4.61284875869751
3.795799970626831,5.872199535369873
6.842130184173584,13.303238868713379
12.556500434875488,12.869338989257812
21.198699951171875,16.602012634277344
8.910110473632812,9.264148712158203
16.24370002746582,14.787915229797363
2.9554600715637207,8.810202598571777
3.01596999168396,7.929141998291016
8.874930381774902,11.202624320983887
20.158199310302734,25.290908813476562
21.82819938659668,22.764158248901367
29.984699249267578,26.704639434814453
30.042600631713867,33.421356201171875
19.350400924682617,16.494121551513672
34.23619842529297,34.68168640136719
22.632999420166016,22.490318298339844
24.14389991760254,21.75384521484375
15.475700378417969,30.427406311035156
10.081600189208984,13.988785743713379
7.677800178527832,10.06981086730957
4.674560070037842,5.879364967346191
16.219100952148438,8.955382347106934
14.02750015258789,15.869407653808594
7.812580108642578,4.922276973724365
5.86467981338501,4.603257179260254
9.814359664916992,11.063854217529297
14.052200317382812,16.302467346191406
10.541299819946289,22.08885955810547
13.821700096130371,21.898181915283203
20.60580062866211,20.61368179321289
73.68769836425781,54.920745849609375
166.36399841308594,147.77093505859375
96.84490203857422,145.74862670898438
204.45399475097656,175.8896484375
53.01649856567383,94.27363586425781
72.35279846191406,90.96146392822266
91.35769653320312,150.82362365722656
190.58299255371094,127.979248046875
201.68800354003906,157.22366333007812
188.53700256347656,164.4580535888672
83.677001953125,154.4180145263672
122.8499984741211,158.1391143798828
64.5115966796875,128.86566162109375
111.48200225830078,97.96890258789062
88.0374984741211,66.4010009765625
60.74789810180664,62.64499282836914
36.30950164794922,20.920089721679688
20.109100341796875,22.431631088256836
12.409899711608887,9.113523483276367
14.70359992980957,10.816323280334473
7.076310157775879,4.887850284576416
1.0379300117492676,-0.0014705657958984375
4.418630123138428,5.153629302978516
10.63129997253418,13.25125503540039
13.662199974060059,17.741287231445312
90.19779968261719,91.17967987060547
101.53600311279297,71.6180419921875
99.63300323486328,104.50382995605469
146.11500549316406,130.59158325195312
153.92599487304688,144.33995056152344
193.40899658203125,174.8887176513672
188.2530059814453,175.55169677734375
195.6840057373047,190.9553680419922
193.375,193.4886016845703
97.11540222167969,119.1336669921875
70.09600067138672,105.95610046386719
150.38699340820312,89.78254699707031
63.764801025390625,73.80905151367188
56.24589920043945,58.164520263671875
32.864601135253906,29.69993019104004
13.8996000289917,20.77706527709961
58.16709899902344,57.443687438964844
44.18220138549805,47.336944580078125
32.73649978637695,30.072917938232422
20.707199096679688,18.691055297851562
12.40839958190918,10.493408203125
12.24899959564209,6.725207805633545
3.011229991912842,0.9485864639282227
2.7355101108551025,3.1915483474731445
4.597259998321533,5.060019493103027
19.609800338745117,23.664348602294922
15.325699806213379,20.296113967895508
33.80179977416992,58.33905029296875
35.36790084838867,37.277130126953125
65.34619903564453,76.92488098144531
81.64350128173828,74.09928894042969
125.75900268554688,143.8873748779297
132.28199768066406,122.77769470214844
60.00740051269531,122.46511840820312
231.66700744628906,148.64453125
75.1520004272461,81.50234985351562
68.73079681396484,82.71356201171875
150.6320037841797,111.47262573242188
159.9429931640625,156.26316833496094
127.21199798583984,141.38372802734375
111.06600189208984,117.14273071289062
108.36100006103516,106.51458740234375
48.65739822387695,40.70509338378906
75.74490356445312,72.85494232177734
57.06840133666992,44.238792419433594
40.267398834228516,46.29389190673828
25.762699127197266,22.23472023010254
18.145200729370117,15.375646591186523
12.355600357055664,10.325830459594727
6.232019901275635,2.6853904724121094
1.4276700019836426,0.17934608459472656
3.671149969100952,3.5395889282226562
10.401100158691406,11.44057559967041
7.082429885864258,12.015707015991211
19.87579917907715,24.164846420288086
27.346399307250977,32.553340911865234
57.485599517822266,53.22078323364258
23.898799896240234,36.37886047363281
36.681400299072266,42.282958984375
46.54249954223633,46.022605895996094
39.128299713134766,56.87621307373047
29.78339958190918,43.790523529052734
15.18529987335205,25.03957748413086
57.5890998840332,43.91688537597656
26.465999603271484,17.234363555908203
14.913000106811523,21.100448608398438
16.335899353027344,18.472768783569336
31.592300415039062,29.919384002685547
39.016700744628906,72.8928451538086
28.548099517822266,62.40667724609375
22.036500930786133,27.31779670715332
27.464399337768555,42.96636962890625
5.74616003036499,8.870109558105469
3.9230399131774902,5.018341541290283
2.366489887237549,4.991440773010254
3.9428200721740723,2.3679141998291016
10.329700469970703,4.457397937774658
5.962920188903809,8.27505874633789
6.783010005950928,5.044604301452637
32.18149948120117,32.10481262207031
82.41400146484375,63.63182830810547
108.53500366210938,94.84429931640625
93.20359802246094,110.56670379638672
76.58270263671875,118.57962799072266
83.22530364990234,125.53207397460938
185.94000244140625,115.14590454101562
99.06490325927734,109.91951751708984
206.6320037841797,163.53985595703125
162.0260009765625,167.5445098876953
168.09100341796875,206.24691772460938
217.9709930419922,139.65023803710938
198.781005859375,177.08493041992188
186.51300048828125,178.961181640625
172.39199829101562,167.71514892578125
155.93899536132812,127.60704803466797
136.5260009765625,128.25106811523438
113.36900329589844,102.92205047607422
97.3749008178711,93.24455261230469
39.757198333740234,55.61670684814453
36.218101501464844,30.68441390991211
17.59869956970215,13.349348068237305
27.88759994506836,18.41670799255371
6.967820167541504,6.599803447723389
4.739200115203857,1.2788457870483398
1.0888299942016602,-0.4307985305786133
3.679189920425415,2.603877067565918
15.724300384521484,16.140090942382812
19.09160041809082,23.59360122680664
17.190799713134766,22.860267639160156
25.31100082397461,27.142730712890625
61.31660079956055,100.71926879882812
163.7790069580078,82.67483520507812
170.2270050048828,145.83172607421875
178.94500732421875,141.88949584960938
200.40199279785156,174.04649353027344
100.87799835205078,171.70895385742188
117.45600128173828,116.54441833496094
90.97959899902344,120.95133972167969
167.47500610351562,133.238037109375
62.4651985168457,59.49504089355469
70.88909912109375,77.124755859375
34.270198822021484,48.6580696105957
50.13309860229492,53.79231262207031
18.219900131225586,20.33328628540039
23.480899810791016,27.28520965576172
23.13640022277832,17.525676727294922
13.840499877929688,15.061771392822266
22.38559913635254,17.400882720947266
8.297479629516602,9.971315383911133
6.0449299812316895,5.939047336578369
5.093009948730469,2.7998814582824707
4.027629852294922,-0.9967975616455078
1.7720799446105957,3.493630886077881
5.291719913482666,6.416131496429443
5.018280029296875,10.931388854980469
39.016998291015625,37.78106689453125
20.819799423217773,37.866539001464844
19.588300704956055,17.09491729736328
60.157501220703125,58.52131652832031
179.8699951171875,114.75148010253906
247.00900268554688,122.71918487548828
98.04560089111328,103.09213256835938
66.03050231933594,93.6807632446289
175.91200256347656,135.85397338867188
52.04970169067383,46.53963088989258
68.90290069580078,147.2500762939453
61.551700592041016,86.84149169921875
78.62129974365234,51.10645294189453
62.13779830932617,49.27767562866211
24.254199981689453,27.284969329833984
33.338600158691406,27.050701141357422
14.021300315856934,15.062948226928711
17.309900283813477,9.871635437011719
9.8191499710083,11.391214370727539
3.6921401023864746,2.5990333557128906
1.7641799449920654,-0.5647058486938477
1.1174099445343018,1.407949447631836
5.994309902191162,6.682312488555908
59.11709976196289,18.01600456237793
42.55540084838867,31.199996948242188
125.57599639892578,67.69940185546875
20.96310043334961,45.089717864990234
89.61990356445312,58.842979431152344
34.29240036010742,33.96942138671875
55.56589889526367,64.80599212646484
55.09669876098633,89.88304138183594
193.5679931640625,98.89981842041016
107.76100158691406,142.3579559326172
99.5553970336914,124.36209106445312
196.7209930419922,171.36305236816406
188.9199981689453,172.5713653564453
177.58900451660156,174.92071533203125
29.565500259399414,128.89529418945312
121.79199981689453,74.29695129394531
60.389400482177734,93.43891906738281
58.02840042114258,29.250423431396484
38.31420135498047,34.10491943359375
66.9645004272461,70.76220703125
47.078399658203125,39.23012924194336
14.770400047302246,14.720376968383789
10.029199600219727,6.629074573516846
6.725460052490234,2.4892072677612305
4.1686601638793945,1.140486717224121
2.1004700660705566,3.530160427093506
6.140890121459961,9.930295944213867
16.28510093688965,19.893342971801758
24.07309913635254,25.516759872436523
33.62689971923828,32.270294189453125
25.032100677490234,32.742156982421875
67.931396484375,73.69905090332031
92.1769027709961,55.628173828125
14.863300323486328,41.28107452392578
159.16200256347656,57.66261291503906
217.33700561523438,115.98226928710938
188.6219940185547,139.94798278808594
205.98899841308594,183.66461181640625
193.52099609375,175.18402099609375
144.72799682617188,154.71844482421875
151.5050048828125,134.9771728515625
154.23699951171875,151.03379821777344
119.21800231933594,86.81796264648438
117.13400268554688,88.9178237915039
82.71219635009766,84.37258911132812
54.53969955444336,52.548309326171875
28.729299545288086,25.942718505859375
12.869600296020508,10.44856071472168
10.52869987487793,7.135372638702393
9.619339942932129,10.691095352172852
4.422760009765625,1.1619529724121094
4.659560203552246,3.705392360687256
25.38949966430664,28.61685562133789
51.97760009765625,51.05757141113281
78.16619873046875,78.14051818847656
106.63899993896484,100.02120971679688
142.28500366210938,109.84669494628906
38.786399841308594,81.2831039428711
25.694900512695312,30.394298553466797
34.440399169921875,49.904823303222656
60.38650131225586,48.35635757446289
26.923200607299805,34.70616912841797
19.280000686645508,27.19240951538086
22.923200607299805,24.51885223388672
13.532600402832031,21.86578369140625
13.29010009765625,19.04241180419922
16.9955997467041,19.885276794433594
6.096570014953613,10.00891399383545
8.858790397644043,9.51628303527832
5.021309852600098,5.754758834838867
13.547699928283691,12.018966674804688
8.20005989074707,17.443294525146484
2.43435001373291,4.6058807373046875
4.686369895935059,5.013728141784668
5.31889009475708,6.659810543060303
6.461100101470947,5.148190498352051
2.209630012512207,1.2799386978149414
6.687139987945557,10.262788772583008
36.78269958496094,30.315032958984375
45.50339889526367,45.410850524902344
33.86669921875,31.93425750732422
37.35929870605469,43.56280517578125
77.33419799804688,78.54690551757812
35.58610153198242,69.25935363769531
171.38999938964844,104.49341583251953
51.30730056762695,76.04249572753906
59.16320037841797,87.31148529052734
58.10029983520508,123.13831329345703
33.204200744628906,33.48595428466797
42.2406005859375,31.599523544311523
41.69430160522461,41.88915252685547
68.57630157470703,74.66242980957031
111.12899780273438,67.18082427978516
65.30380249023438,81.8001708984375
100.83100128173828,56.5232048034668
50.136199951171875,62.050453186035156
25.591400146484375,26.775859832763672
18.054800033569336,18.565418243408203
21.493900299072266,21.151939392089844
9.934709548950195,12.27029800415039
5.8313398361206055,4.061089038848877
1.2022199630737305,-0.1492938995361328
1.75232994556427,2.61258602142334
4.406060218811035,4.724268436431885
7.042220115661621,8.204801559448242
8.67864990234375,10.698770523071289
20.692100524902344,27.485435485839844
12.444000244140625,20.82736587524414
13.619099617004395,13.347475051879883
6.0024800300598145,9.592886924743652
10.818900108337402,13.18368911743164
21.994699478149414,22.549663543701172
19.81719970703125,20.912616729736328
34.03519821166992,28.963743209838867
18.566600799560547,20.39466094970703
21.926799774169922,20.15993881225586
9.506420135498047,14.801316261291504
10.480999946594238,15.09279727935791
20.151399612426758,16.534521102905273
8.410140037536621,9.338478088378906
12.32699966430664,17.674022674560547
22.87310028076172,13.18840217590332
15.114899635314941,22.173004150390625
3.014620065689087,4.714691162109375
2.0532898902893066,2.3281545639038086
3.5269598960876465,-0.8523216247558594
9.596719741821289,6.34271764755249
1.7823899984359741,2.045548439025879
3.075350046157837,3.643341064453125
15.102100372314453,20.385330200195312
7.823599815368652,17.906982421875
2.2351300716400146,2.9430599212646484
10.75570011138916,13.375940322875977
22.12470054626465,26.899961471557617
46.8931999206543,46.17572021484375
59.212799072265625,73.77123260498047
49.68370056152344,67.97665405273438
42.76850128173828,36.05931091308594
34.49980163574219,47.79466247558594
20.10770034790039,20.26076316833496
68.69249725341797,66.0565185546875
45.63800048828125,47.58417892456055
131.40899658203125,124.17315673828125
82.4916000366211,111.98091125488281
173.04200744628906,143.19493103027344
85.80699920654297,82.20293426513672
66.60810089111328,65.95166015625
32.23139953613281,29.30771827697754
60.4556999206543,65.64794921875
28.375,27.426490783691406
11.899900436401367,13.024158477783203
20.196699142456055,20.074010848999023
6.4232001304626465,3.345205307006836
7.31505012512207,1.4846992492675781
2.1453499794006348,3.143631935119629
8.062150001525879,10.523826599121094
9.506010055541992,11.862335205078125
81.48970031738281,19.646595001220703
68.2029037475586,94.38777160644531
144.43600463867188,128.50921630859375
162.3070068359375,158.417236328125
137.5850067138672,138.55642700195312
40.34239959716797,83.29046630859375
147.3070068359375,111.13301086425781
175.28399658203125,108.53659057617188
202.7449951171875,176.57432556152344
200.25999450683594,194.11282348632812
193.26699829101562,190.2244873046875
193.42100524902344,180.22335815429688
158.1060028076172,160.6890869140625
144.72500610351562,133.4808349609375
127.9000015258789,119.43173217773438
103.3219985961914,92.40489196777344
57.96699905395508,71.0540542602539
32.934200286865234,27.260520935058594
39.40589904785156,31.785335540771484
14.871399879455566,18.819732666015625
7.718070030212402,4.999255657196045
10.196399688720703,3.8506078720092773
2.2737600803375244,0.46111106872558594
18.070899963378906,18.44902992248535
42.93239974975586,44.82939910888672
21.49959945678711,20.537628173828125
97.03369903564453,84.84944152832031
121.46299743652344,120.94209289550781
145.57400512695312,103.61441802978516
150.4080047607422,143.4156494140625
177.8419952392578,152.29629516601562
186.39300537109375,182.1902618408203
196.8679962158203,132.9434814453125
196.30999755859375,143.38641357421875
192.16900634765625,187.72117614746094
186.70899963378906,183.72984313964844
177.75799560546875,177.54949951171875
168.72799682617188,167.0863494873047
154.91900634765625,152.3511199951172
138.20799255371094,135.73922729492188
119.37100219726562,116.33946228027344
97.29209899902344,96.58344268798828
72.72219848632812,73.11503601074219
47.602298736572266,41.6668701171875
24.569900512695312,19.968460083007812
11.055500030517578,8.006982803344727
8.153929710388184,5.362641334533691
5.670599937438965,3.0613160133361816
2.4405100345611572,0.36052894592285156
14.471699714660645,17.157970428466797
39.13209915161133,40.750362396240234
71.30449676513672,67.86847686767578
99.98629760742188,94.58363342285156
123.50900268554688,118.68619537353516
144.4320068359375,139.86048889160156
166.0749969482422,159.0095977783203
185.85699462890625,177.57716369628906
193.1199951171875,189.28585815429688
196.97300720214844,194.9274444580078
200.20700073242188,195.61962890625
196.94900512695312,194.35391235351562
192.41299438476562,192.47781372070312
185.87399291992188,183.6646728515625
174.32699584960938,172.403076171875
157.74099731445312,156.85293579101562
140.5970001220703,138.05636596679688
121.23500061035156,99.51976013183594
97.76969909667969,97.96609497070312
74.43109893798828,73.36544036865234
57.4911003112793,51.85568618774414
32.31100082397461,22.552886962890625
19.688100814819336,15.180813789367676
13.277000427246094,11.081880569458008
2.61368989944458,1.0523157119750977
1.1826499700546265,-0.09811592102050781
1.4679100513458252,3.9428915977478027
2.8722400665283203,3.7452235221862793
6.013169765472412,7.647999286651611
18.67060089111328,18.186796188354492
25.534400939941406,29.241159439086914
31.57509994506836,29.680063247680664
30.808500289916992,29.252981185913086
57.131500244140625,60.916160583496094
19.390499114990234,27.386558532714844
27.65489959716797,29.732763290405273
60.9213981628418,46.310096740722656
57.0182991027832,53.819496154785156
54.404300689697266,47.04460525512695
42.79650115966797,49.08427047729492
33.348201751708984,37.85076904296875
30.870899200439453,31.081321716308594
21.819499969482422,22.67759132385254
21.978099822998047,23.12198257446289
29.646699905395508,26.751853942871094
20.05109977722168,18.805469512939453
11.697199821472168,13.077899932861328
8.547710418701172,12.346993446350098
1.2864400148391724,2.570497512817383
2.06072998046875,3.3565449714660645
2.8348300457000732,5.841639518737793
9.920829772949219,12.725872993469238
8.825770378112793,9.874228477478027
6.001359939575195,10.181671142578125
2.9498701095581055,4.760291576385498
7.660709857940674,10.009525299072266
6.971950054168701,13.001921653747559
42.56449890136719,40.98583984375
62.89360046386719,43.27415084838867
42.56909942626953,49.989051818847656
15.822999954223633,17.96744155883789
25.4143009185791,34.83777618408203
54.394500732421875,57.08229446411133
83.36699676513672,75.43960571289062
62.92169952392578,51.58047866821289
21.065099716186523,36.958065032958984
7.647600173950195,10.60212516784668
32.70690155029297,23.225502014160156
20.11210060119629,24.516647338867188
10.89009952545166,8.059816360473633
9.89879035949707,11.73295783996582
3.5018699169158936,0.297271728515625
1.468649983406067,1.9421625137329102
50.55419921875,30.292648315429688
21.10810089111328,39.16500473022461
22.45509910583496,20.892311096191406
22.753599166870117,30.426469802856445
39.42890167236328,35.15390396118164
67.52230072021484,61.99203872680664
217.02999877929688,133.13929748535156
102.09200286865234,88.82640838623047
192.7050018310547,160.92420959472656
181.3489990234375,144.83853149414062
155.20199584960938,142.94456481933594
204.04600524902344,162.73231506347656
161.42100524902344,166.62527465820312
177.5850067138672,172.52685546875
117.08799743652344,151.80282592773438
86.40070343017578,90.71175384521484
114.03099822998047,104.85261535644531
62.67900085449219,94.09595489501953
23.31399917602539,23.575286865234375
13.924200057983398,12.556217193603516
25.70800018310547,24.26261329650879
12.615099906921387,13.586301803588867
6.968239784240723,9.843953132629395
6.657440185546875,1.3068723678588867
1.413849949836731,0.30077362060546875
1.1936899423599243,2.859126091003418
5.973909854888916,8.571531295776367
28.63759994506836,33.76951599121094
8.296540260314941,19.279521942138672
16.151100158691406,15.420047760009766
54.872798919677734,38.58940887451172
30.04439926147461,36.686859130859375
63.14699935913086,57.15663528442383
43.6431999206543,50.2639274597168
91.88629913330078,97.33250427246094
30.322799682617188,79.78841400146484
61.91630172729492,59.43296813964844
100.35399627685547,119.79560852050781
136.19000244140625,140.98056030273438
161.96800231933594,151.59437561035156
107.20600128173828,118.78033447265625
137.85499572753906,100.41197204589844
84.55030059814453,84.21359252929688
63.45130157470703,69.20811462402344
45.489200592041016,39.899024963378906
21.95599937438965,18.23145866394043
10.453200340270996,6.779780387878418
8.200929641723633,3.630311965942383
6.888780117034912,4.29702615737915
1.6381100416183472,0.3023672103881836
5.320630073547363,3.9943699836730957
6.876619815826416,26.304662704467773
16.229400634765625,23.14531707763672
33.68870162963867,34.8442268371582
14.536100387573242,17.736297607421875
15.484299659729004,22.06831169128418
12.756799697875977,24.21163558959961
18.98889923095703,24.09712028503418
110.59500122070312,57.92997741699219
34.899600982666016,49.00905990600586
55.0629997253418,68.86764526367188
40.3484992980957,42.97482681274414
69.0177001953125,80.18284606933594
41.827701568603516,44.992835998535156
21.373199462890625,22.258337020874023
46.56449890136719,44.21295166015625
17.76689910888672,24.34319305419922
18.386899948120117,19.69240379333496
19.476900100708008,16.728544235229492
14.74020004272461,12.875675201416016
30.972299575805664,29.28052520751953
5.880259990692139,4.6021599769592285
6.524280071258545,9.206047058105469
8.45145034790039,9.72178840637207
3.2558000087738037,0.7883319854736328
5.548530101776123,4.1836323738098145
23.689199447631836,26.433456420898438
49.37990188598633,48.544532775878906
78.36029815673828,76.66889190673828
100.46600341796875,97.94569396972656
120.95999908447266,118.06167602539062
139.7169952392578,136.121337890625
161.4810028076172,157.03176879882812
168.09500122070312,165.89756774902344
174.66600036621094,172.42904663085938
178.57400512695312,176.13844299316406
177.51400756835938,175.3529052734375
173.5489959716797,169.83078002929688
165.0240020751953,162.73638916015625
151.49400329589844,151.21514892578125
138.97300720214844,137.8108673095703
121.3949966430664,118.5089111328125
106.49199676513672,105.01412200927734
82.16300201416016,80.2426986694336
60.58639907836914,57.313167572021484
39.174598693847656,34.26314163208008
21.012699127197266,18.011474609375
11.791299819946289,9.150650024414062
8.199529647827148,5.272204399108887
4.135409832000732,1.332444190979004
4.715179920196533,3.7260732650756836
9.612750053405762,5.825162887573242
34.029300689697266,29.499555587768555
68.11270141601562,72.28983306884766
94.83779907226562,86.50564575195312
85.63030242919922,91.88221740722656
50.10340118408203,107.23204040527344
30.857200622558594,72.15475463867188
21.002199172973633,27.79138946533203
12.96399974822998,15.572453498840332
10.605999946594238,14.551267623901367
22.08329963684082,43.691383361816406
30.4950008392334,26.73143768310547
19.79759979248047,24.59909439086914
47.92150115966797,38.81720733642578
35.80590057373047,42.766693115234375
32.211299896240234,28.82139015197754
62.4984016418457,55.60456466674805
6.345749855041504,8.642450332641602
2.3896400928497314,7.724497318267822
5.007019996643066,6.470043182373047
11.501199722290039,8.714341163635254
4.5571699142456055,5.241333961486816
1.9335700273513794,2.5009403228759766
4.115240097045898,7.043842792510986
1.0051599740982056,3.6605186462402344
3.662909984588623,5.476182460784912
6.567450046539307,7.454621315002441
7.435329914093018,9.082904815673828
3.0127201080322266,6.461990833282471
6.082230091094971,2.7079296112060547
11.072699546813965,13.019316673278809
49.1598014831543,19.326274871826172
37.972599029541016,44.61180114746094
9.096980094909668,12.301376342773438
8.979889869689941,15.961112022399902
13.607799530029297,11.115259170532227
5.084710121154785,8.225770950317383
4.989059925079346,8.160492897033691
2.205709934234619,2.683985710144043
1.1179800033569336,1.228285789489746
1.2683600187301636,0.6046085357666016
1.6387699842453003,2.068136215209961
3.0574300289154053,4.9544806480407715
6.595399856567383,8.401705741882324
23.466699600219727,21.35818099975586
20.216400146484375,34.063419342041016
17.253000259399414,17.165857315063477
64.08599853515625,65.1961669921875
97.60659790039062,106.68698120117188
52.3656005859375,77.07109069824219
37.8130989074707,57.3585319519043
49.44770050048828,51.04615783691406
111.60199737548828,68.11151885986328
85.73400115966797,95.12095642089844
188.6060028076172,128.60983276367188
162.94200134277344,102.41324615478516
146.15199279785156,115.89573669433594
84.94869995117188,60.21076583862305
63.309200286865234,75.51107025146484
71.19529724121094,67.39935302734375
34.551998138427734,43.73573684692383
41.39630126953125,48.953704833984375
23.48509979248047,17.505651473999023
18.307199478149414,12.444583892822266
8.892279624938965,6.304309844970703
2.1902201175689697,0.5001211166381836
2.96875,3.078251838684082
5.568570137023926,6.367269515991211
8.177530288696289,10.157186508178711
4.724780082702637,9.121183395385742
7.7763800621032715,12.469284057617188
5.241030216217041,6.62010383605957
20.638900756835938,18.080554962158203
20.466699600219727,30.301258087158203
27.13159942626953,24.869007110595703
33.35580062866211,27.65457534790039
55.099998474121094,49.647274017333984
60.199501037597656,65.15630340576172
44.83209991455078,32.65595245361328
52.298099517822266,57.01521301269531
68.99140167236328,60.47853469848633
78.58979797363281,72.43751525878906
133.42799377441406,115.75057983398438
106.28299713134766,101.74101257324219
76.65540313720703,65.31106567382812
45.35900115966797,49.685211181640625
16.045499801635742,24.48519515991211
14.105999946594238,10.982826232910156
4.340050220489502,2.633302688598633
4.508150100708008,0.6497411727905273
6.540649890899658,5.873422622680664
21.74690055847168,13.83625602722168
46.47249984741211,74.60415649414062
38.2052001953125,42.02214813232422
20.110599517822266,109.61897277832031
13.383600234985352,35.2652587890625
19.875,47.85598373413086
37.8297004699707,90.37080383300781
26.470600128173828,131.66102600097656
11.4753999710083,42.256431579589844
177.44700622558594,97.54557800292969
25.206600189208984,37.37425231933594
17.233200073242188,82.47003936767578
89.3469009399414,45.219024658203125
79.03479766845703,62.94927978515625
92.48789978027344,84.02752685546875
36.13909912109375,41.664527893066406
42.59870147705078,63.63877487182617
70.3292007446289,49.19129180908203
37.32979965209961,48.857574462890625
30.822999954223633,19.398380279541016
15.478799819946289,11.877035140991211
12.31029987335205,11.340545654296875
9.368980407714844,2.694302558898926
3.7559099197387695,3.026920795440674
11.931400299072266,4.889568328857422
4.200290203094482,10.851133346557617
11.883399963378906,26.232891082763672
10.175200462341309,8.985759735107422
12.919300079345703,14.492698669433594
10.916199684143066,36.26734924316406
13.419300079345703,23.653535842895508
17.700000762939453,13.626585960388184
60.7052001953125,21.056011199951172
59.193599700927734,59.69993591308594
85.20459747314453,126.58697509765625
51.75270080566406,131.52853393554688
173.36199951171875,150.2392120361328
156.8769989013672,146.6427001953125
137.05499267578125,126.35275268554688
115.33499908447266,110.43424987792969
91.05899810791016,85.87147521972656
63.63930130004883,55.101505279541016
36.58639907836914,32.60122299194336
12.552200317382812,9.418388366699219
6.994619846343994,2.762566566467285
4.838359832763672,1.7657461166381836
2.2285799980163574,0.32314395904541016
4.439970016479492,2.1203155517578125
20.963600158691406,29.70059585571289
20.85460090637207,18.714523315429688
59.3656005859375,85.67488098144531
42.5275993347168,85.26095581054688
142.26499938964844,95.59463500976562
98.05259704589844,104.17179870605469
130.90499877929688,121.88868713378906
151.7969970703125,119.63229370117188
86.10070037841797,110.2930908203125
146.24600219726562,130.09861755371094
56.49639892578125,90.66895294189453
133.46200561523438,169.11712646484375
185.40699768066406,149.0591278076172
150.0500030517578,132.3259735107422
159.1929931640625,98.78907775878906
74.85679626464844,98.21896362304688
103.00599670410156,56.283294677734375
70.5521011352539,88.2843017578125
79.77149963378906,41.094871520996094
54.83980178833008,36.502174377441406
27.62619972229004,23.755382537841797
12.25790023803711,8.579492568969727
10.054699897766113,5.795810222625732
1.5946799516677856,-0.07827472686767578
2.330389976501465,2.3601722717285156
10.0177001953125,11.900480270385742
17.12980079650879,22.7476749420166
81.72129821777344,71.20698547363281
119.7249984741211,96.59922790527344
112.03099822998047,107.48538208007812
137.48500061035156,103.06331634521484
139.09100341796875,97.45867919921875
59.05099868774414,85.14578247070312
202.2689971923828,143.27908325195312
172.2469940185547,112.48834228515625
93.17900085449219,90.4552001953125
112.95899963378906,86.43278503417969
64.96430206298828,88.28997802734375
200.3489990234375,167.3539276123047
70.40270233154297,98.67979431152344
43.3025016784668,77.96360778808594
112.97899627685547,99.26612091064453
98.9364013671875,66.27213287353516
43.102500915527344,37.06632995605469
26.69529914855957,20.552471160888672
19.03849983215332,15.578335762023926
6.113110065460205,3.772587776184082
5.718639850616455,2.051487922668457
2.134269952774048,0.138702392578125
7.216599941253662,5.721835613250732
16.201900482177734,21.033096313476562
7.81056022644043,11.002437591552734
15.77929973602295,20.961383819580078
8.140210151672363,13.256702423095703
23.78689956665039,26.224441528320312
21.42300033569336,27.58963394165039
10.101699829101562,15.357845306396484
4.420370101928711,8.292425155639648
9.586959838867188,12.708077430725098
16.9955997467041,14.138995170593262
10.736900329589844,16.331867218017578
9.837140083312988,10.82014274597168
22.148099899291992,20.980667114257812
35.420501708984375,42.92624282836914
24.367000579833984,21.849395751953125
17.765300750732422,33.607154846191406
17.825300216674805,9.719550132751465
31.111000061035156,23.765460968017578
17.3966007232666,17.390377044677734
15.338399887084961,9.965200424194336
5.52154016494751,3.0647735595703125
1.62253999710083,0.23525047302246094
2.177570104598999,1.4915971755981445
34.324100494384766,31.43928337097168
68.09989929199219,59.055850982666016
95.16410064697266,95.56153106689453
121.52400207519531,114.26282501220703
143.1929931640625,141.09426879882812
159.3780059814453,156.4296417236328
180.1510009765625,164.81259155273438
188.14599609375,177.49807739257812
190.80599975585938,188.12747192382812
183.3679962158203,176.31808471679688
170.23599243164062,135.58641052246094
174.48599243164062,164.53460693359375
158.18099975585938,149.66702270507812
162.02099609375,151.6977996826172
106.24500274658203,134.88128662109375
137.9199981689453,119.69334411621094
112.5770034790039,77.99159240722656
81.5280990600586,80.45208740234375
60.710601806640625,55.20051574707031
32.1869010925293,30.195030212402344
14.455300331115723,10.705877304077148
9.161219596862793,4.823294162750244
6.486030101776123,2.093050003051758
2.1948299407958984,0.5721244812011719
1.2072099447250366,1.1867694854736328
12.503000259399414,16.080163955688477
67.30889892578125,52.15422821044922
97.4717025756836,100.9640121459961
114.49199676513672,119.32763671875
147.98399353027344,143.14788818359375
161.16799926757812,159.28750610351562
176.84300231933594,174.70150756835938
183.63900756835938,180.8498077392578
188.093994140625,184.8964385986328
187.5850067138672,185.10311889648438
184.0500030517578,180.104736328125
178.94500732421875,177.2395477294922
168.94000244140625,165.20208740234375
157.4739990234375,152.2091064453125
143.4669952392578,140.64405822753906
125.26799774169922,123.35401916503906
102.81600189208984,101.500732421875
78.77429962158203,78.31770324707031
53.48929977416992,49.41969299316406
28.558900833129883,22.40460968017578
10.07390022277832,6.982483863830566
6.113409996032715,2.4105262756347656
4.0431599617004395,0.9798345565795898
1.0860300064086914,-0.2178182601928711
3.3692500591278076,3.275712490081787
5.149119853973389,4.7039079666137695
9.675049781799316,10.665241241455078
12.242799758911133,14.182945251464844
15.350199699401855,17.19978141784668
25.963499069213867,26.763221740722656
39.493099212646484,36.035682678222656
51.60309982299805,52.287288665771484
97.91699981689453,108.41481018066406
85.46620178222656,92.22671508789062
130.72999572753906,148.16293334960938
152.68499755859375,125.58659362792969
171.00100708007812,158.88478088378906
157.96099853515625,155.58941650390625
140.197998046875,138.27560424804688
120.98899841308594,116.96468353271484
99.19190216064453,96.47314453125
75.6498031616211,74.0572509765625
52.08639907836914,46.993614196777344
28.943300247192383,23.424190521240234
12.258700370788574,8.913662910461426
7.287879943847656,2.806204319000244
4.239659786224365,1.0928535461425781
19.426300048828125,20.70865249633789
51.05630111694336,48.37902069091797
79.6146011352539,80.36077880859375
100.88899993896484,98.0638427734375
125.04399871826172,120.7287826538086
142.14999389648438,139.07215881347656
160.7310028076172,158.57095336914062
169.94700622558594,167.11668395996094
179.51499938964844,147.4366455078125
180.0,162.9972381591797
178.21800231933594,174.29714965820312
163.06199645996094,159.91940307617188
125.62799835205078,150.9783172607422
136.69500732421875,97.34027099609375
105.49700164794922,92.9758529663086
116.14600372314453,103.66426849365234
70.56880187988281,72.61289978027344
78.21859741210938,76.68362426757812
44.81949996948242,41.389793395996094
35.1171989440918,26.084674835205078
21.96430015563965,16.369476318359375
14.855199813842773,11.06385612487793
6.303070068359375,2.4459571838378906
2.6958699226379395,2.672962188720703
7.581809997558594,9.220602035522461
14.014699935913086,15.628621101379395
26.505300521850586,29.0379638671875
46.59230041503906,91.90452575683594
54.66550064086914,63.8272590637207
53.20869827270508,59.328399658203125
37.03779983520508,35.21759796142578
130.73500061035156,55.461891174316406
42.709800720214844,38.39073181152344
34.4452018737793,44.910919189453125
35.51689910888672,39.87248611450195
41.234901428222656,45.108802795410156
28.249399185180664,23.33431053161621
18.798099517822266,24.434871673583984
20.01460075378418,18.081544876098633
55.84830093383789,38.80662155151367
31.339399337768555,44.03622817993164
29.4197998046875,19.746570587158203
16.273300170898438,16.237823486328125
3.9130699634552,1.8646173477172852
3.9171299934387207,1.1540536880493164
1.0884000062942505,1.119166374206543
3.0922698974609375,3.1148786544799805
5.7840399742126465,6.732354640960693
8.09926986694336,9.621039390563965
8.889960289001465,11.291888236999512
11.65880012512207,10.907459259033203
22.747600555419922,25.29671859741211
43.66019821166992,44.248756408691406
63.21870040893555,64.03749084472656
61.619300842285156,67.71681213378906
49.30730056762695,34.17721176147461
100.31900024414062,116.65077209472656
88.68199920654297,62.84775924682617
71.09259796142578,97.01374053955078
56.43119812011719,86.17665100097656
45.36989974975586,56.223472595214844
28.650699615478516,36.308021545410156
26.32080078125,28.00688934326172
30.74180030822754,31.64784049987793
9.676130294799805,9.303317070007324
2.992069959640503,1.3529205322265625
1.7652299404144287,1.0880556106567383
11.029500007629395,10.703634262084961
18.90399932861328,22.322463989257812
28.234500885009766,29.539928436279297
15.77929973602295,22.65241813659668
12.316300392150879,16.76067352294922
7.05118989944458,12.973770141601562
11.256400108337402,19.878894805908203
44.22829818725586,36.94838333129883
42.0973014831543,41.931427001953125
20.4419002532959,23.73494529724121
14.77400016784668,17.643274307250977
20.384700775146484,21.088253021240234
37.00550079345703,34.26612854003906
26.786399841308594,30.1473388671875
29.535400390625,29.683359146118164
30.469999313354492,31.499774932861328
8.031539916992188,9.306779861450195
4.183579921722412,5.097713470458984
1.5078799724578857,1.3452587127685547
1.2291899919509888,2.041468620300293
7.44582986831665,10.169881820678711
3.7043099403381348,5.482008934020996
1.0488500595092773,3.7717323303222656
3.6920299530029297,5.530358791351318
9.527090072631836,9.33457088470459
12.331999778747559,10.112574577331543
9.482370376586914,9.231889724731445
9.136509895324707,8.490277290344238
13.037300109863281,10.310211181640625
5.785120010375977,9.033585548400879
13.061400413513184,11.34389877319336
8.755330085754395,9.43496322631836
5.954390048980713,6.878143787384033
9.483240127563477,7.479469299316406
8.673370361328125,8.266139030456543
5.450729846954346,4.160799980163574
3.1473898887634277,2.3725576400756836
2.561389923095703,1.9777536392211914
1.6680599451065063,0.5848417282104492
4.677189826965332,4.564862251281738
8.835189819335938,9.941911697387695
10.348199844360352,13.476130485534668
14.625800132751465,17.13628578186035
33.34600067138672,35.19091796875
10.31980037689209,17.292522430419922
17.30470085144043,27.786026000976562
65.93710327148438,53.641822814941406
52.441898345947266,41.185874938964844
60.742801666259766,73.1064453125
60.01020050048828,56.167572021484375
38.338401794433594,36.834266662597656
57.01390075683594,51.130863189697266
65.80680084228516,58.674476623535156
76.90760040283203,76.40243530273438
90.06300354003906,77.46861267089844
30.51140022277832,32.340858459472656
26.043800354003906,45.655372619628906
29.131200790405273,27.300201416015625
20.894100189208984,18.28976058959961
7.57588005065918,1.4221172332763672
2.5444400310516357,0.2872295379638672
6.548089981079102,4.604601860046387
17.275299072265625,26.183895111083984
11.730299949645996,21.972185134887695
22.683500289916992,29.20366668701172
22.347700119018555,26.354717254638672
28.18939971923828,33.51375961303711
40.029598236083984,39.11866760253906
29.863000869750977,33.92181396484375
31.442699432373047,28.717971801757812
39.80030059814453,39.159423828125
19.01799964904785,15.324718475341797
45.81439971923828,49.25187683105469
30.72879981994629,32.1930046081543
38.21419906616211,35.507450103759766
55.089599609375,65.3255844116211
21.92609977722168,22.616392135620117
16.313800811767578,14.495758056640625
20.201499938964844,16.274085998535156
11.36240005493164,7.625238418579102
1.358839988708496,1.5809640884399414
5.056230068206787,1.8480148315429688
3.146780014038086,1.7573719024658203
3.1252100467681885,4.457944393157959
6.383450031280518,4.788336753845215
16.46190071105957,19.101133346557617
21.99970054626465,24.851341247558594
23.69379997253418,26.633819580078125
29.787799835205078,30.296051025390625
34.665401458740234,35.70537185668945
57.10860061645508,51.33241653442383
56.80189895629883,57.676971435546875
32.35260009765625,32.5344123840332
43.64619827270508,46.62691879272461
46.16170120239258,41.33205032348633
12.666099548339844,19.160057067871094
11.085100173950195,17.50655746459961
25.984100341796875,24.723159790039062
19.651500701904297,24.761564254760742
11.421799659729004,9.297365188598633
6.482950210571289,7.2176384925842285
9.630729675292969,12.186415672302246
1.9663200378417969,1.6263313293457031
4.960710048675537,2.8818955421447754
19.33449935913086,17.598146438598633
47.48979949951172,97.31289672851562
18.000699996948242,20.295225143432617
83.277099609375,94.13715362548828
63.633201599121094,38.52275085449219
58.940799713134766,100.72073364257812
121.24400329589844,64.47451782226562
59.41529846191406,67.81138610839844
93.18250274658203,147.22080993652344
183.89599609375,147.94664001464844
175.38299560546875,147.23507690429688
166.8489990234375,141.05258178710938
37.1078987121582,104.77621459960938
125.58100128173828,96.83919525146484
101.2229995727539,93.80197143554688
88.36669921875,47.793785095214844
13.36709976196289,35.82060241699219
9.108099937438965,10.421142578125
7.048409938812256,3.358853816986084
6.620150089263916,2.5351009368896484
1.7558799982070923,0.10001564025878906
1.1201800107955933,2.3614654541015625
15.113499641418457,20.41210174560547
10.135700225830078,12.950096130371094
32.073299407958984,39.89423751831055
9.034139633178711,17.160724639892578
18.967500686645508,15.719664573669434
37.87089920043945,38.21481704711914
176.83200073242188,90.17424011230469
51.22010040283203,39.34999084472656
30.40920066833496,45.91809844970703
27.834999084472656,32.024105072021484
24.25349998474121,24.473487854003906
50.66400146484375,77.02425384521484
51.27629852294922,40.20820999145508
126.14900207519531,117.5628662109375
19.42639923095703,29.903039932250977
21.61479949951172,41.7489128112793
85.5198974609375,45.95451736450195
42.1057014465332,46.30547332763672
12.314200401306152,17.959884643554688
2.7080600261688232,2.682546615600586
3.8290700912475586,0.8331871032714844
10.582500457763672,7.883823394775391
39.85449981689453,24.53559112548828
15.642499923706055,21.573747634887695
11.807700157165527,16.687456130981445
21.7406005859375,30.661468505859375
14.35949993133545,21.991527557373047
9.816399574279785,17.665672302246094
13.0447998046875,16.793697357177734
44.130401611328125,42.75365447998047
90.71790313720703,78.09844207763672
84.32039642333984,90.74221801757812
157.26300048828125,161.73565673828125
66.13089752197266,65.1613540649414
69.59590148925781,67.66294860839844
67.8563003540039,44.88507843017578
32.1859016418457,36.432373046875
29.502599716186523,30.940853118896484
6.870659828186035,8.658613204956055
2.4066500663757324,3.3714895248413086
2.205009937286377,2.3955345153808594
11.019499778747559,10.39692497253418
11.4197998046875,13.249405860900879
11.918000221252441,14.054716110229492
13.180000305175781,11.884206771850586
18.474300384521484,18.170551300048828
24.4325008392334,22.728052139282227
23.706199645996094,24.814647674560547
22.961000442504883,22.124073028564453
17.261499404907227,22.801654815673828
22.79960060119629,19.799968719482422
24.20479965209961,22.73870277404785
18.808000564575195,23.762670516967773
15.67549991607666,12.774567604064941
11.62720012664795,10.877486228942871
18.242799758911133,20.6557674407959
13.076600074768066,16.72740936279297
6.225800037384033,6.715461730957031
5.815730094909668,2.829216957092285
2.9619600772857666,3.8232479095458984
5.358170032501221,7.325765132904053
11.200300216674805,10.192012786865234
6.823359966278076,11.20356559753418
31.765499114990234,28.898706436157227
39.98680114746094,36.15031814575195
96.50450134277344,66.01148986816406
83.87200164794922,101.00680541992188
79.5094985961914,135.4788055419922
48.22309875488281,123.830078125
55.77579879760742,59.58756637573242
32.95069885253906,30.463191986083984
42.21540069580078,53.935035705566406
13.173500061035156,19.223264694213867
10.52079963684082,13.128793716430664
9.920519828796387,7.305773735046387
6.408080101013184,6.413851261138916
1.1936500072479248,0.6468086242675781
1.3323400020599365,-0.9916276931762695
1.6061700582504272,1.9853296279907227
4.583600044250488,4.853350639343262
10.298600196838379,13.48495101928711
15.153400421142578,18.038440704345703
22.605499267578125,26.150428771972656
34.527198791503906,36.59369659423828
144.0709991455078,58.55274200439453
79.1978988647461,78.39460754394531
31.273300170898438,31.50044059753418
60.18989944458008,36.60320281982422
177.16200256347656,158.43048095703125
35.547298431396484,130.71029663085938
124.14600372314453,56.32356262207031
134.2220001220703,109.75833892822266
141.54200744628906,103.59144592285156
21.004100799560547,33.858978271484375
24.591400146484375,25.69152069091797
8.549300193786621,9.991771697998047
16.162599563598633,15.620677947998047
9.451860427856445,4.517702579498291
2.594399929046631,1.4427824020385742
2.5856399536132812,1.885085105895996
46.12580108642578,40.389183044433594
82.57759857177734,78.67843627929688
110.36599731445312,106.36679077148438
132.61099243164062,136.67465209960938
149.93099975585938,150.99136352539062
167.89500427246094,165.1758575439453
179.52000427246094,179.13006591796875
166.36000061035156,192.3321990966797
116.9990005493164,170.7830810546875
188.01800537109375,149.1715087890625
101.53500366210938,110.1595230102539
27.480300903320312,61.28498077392578
181.531005859375,89.66624450683594
32.59600067138672,48.280494689941406
36.18050003051758,33.00981903076172
31.340299606323242,34.21739196777344
35.25270080566406,57.36764144897461
15.234600067138672,15.686067581176758
18.775100708007812,12.750293731689453
7.165500164031982,5.641213417053223
3.4358301162719727,0.21628761291503906
2.4469399452209473,1.4656906127929688
12.448200225830078,15.243358612060547
25.844999313354492,25.056102752685547
27.126399993896484,46.62506866455078
89.4906997680664,111.86898803710938
159.60800170898438,146.99107360839844
180.6929931640625,162.78863525390625
70.97570037841797,94.22623443603516
140.21400451660156,143.34671020507812
170.19000244140625,138.81875610351562
101.12699890136719,130.60000610351562
109.54000091552734,111.50763702392578
134.02699279785156,117.06857299804688
80.76619720458984,90.95082092285156
43.95240020751953,50.617916107177734
41.955501556396484,45.39148712158203
26.613500595092773,26.60315704345703
46.71979904174805,41.4821662902832
46.20140075683594,35.5290412902832
31.113300323486328,28.5599365234375
8.434399604797363,6.9920854568481445
3.2857298851013184,-0.08348464965820312
1.4362499713897705,1.3267765045166016
33.766998291015625,29.140361785888672
71.39790344238281,68.68659973144531
101.23999786376953,95.04579162597656
73.53810119628906,107.76637268066406
144.97999572753906,140.03561401367188
162.91799926757812,160.1589813232422
173.9929962158203,172.7056884765625
174.99899291992188,175.1713104248047
149.01600646972656,166.43881225585938
160.93499755859375,169.3351287841797
180.7310028076172,163.04318237304688
168.89599609375,163.4293975830078
148.03199768066406,142.42938232421875
131.39199829101562,124.29071044921875
117.49299621582031,112.00119018554688
33.25320053100586,26.373796463012695
76.45919799804688,65.0172348022461
32.73849868774414,23.7330379486084
11.447400093078613,13.140251159667969
10.277299880981445,5.473021030426025
3.618190050125122,0.9752368927001953
10.589099884033203,9.549991607666016
16.743000030517578,17.83666229248047
7.341660022735596,14.01266860961914
15.092100143432617,20.269554138183594
25.461999893188477,24.482521057128906
25.49810028076172,27.109500885009766
21.39299964904785,36.864933013916016
165.44200134277344,113.22129821777344
27.205400466918945,38.308292388916016
16.395299911499023,40.470855712890625
12.281900405883789,8.197669982910156
16.725900650024414,13.267830848693848
10.800200462341309,13.456594467163086
3.682379961013794,15.356712341308594
7.499080181121826,6.585089206695557
3.0010299682617188,3.395627975463867
8.36732006072998,7.296830177307129
1.496399998664856,1.7228679656982422
2.6068899631500244,1.6123838424682617
20.76959991455078,20.74408721923828
30.6697998046875,63.37591552734375
62.43659973144531,50.825557708740234
138.4550018310547,105.75630187988281
52.15480041503906,75.45445251464844
35.679100036621094,53.180477142333984
59.53450012207031,81.20460510253906
57.990699768066406,63.9459342956543
161.21800231933594,155.33299255371094
177.07400512695312,161.26516723632812
156.12600708007812,149.6522979736328
72.53820037841797,73.1597900390625
105.20500183105469,108.64725494384766
31.7726993560791,30.826190948486328
94.49009704589844,69.10917663574219
35.17639923095703,65.34420013427734
19.851999282836914,30.391544342041016
15.550800323486328,13.446659088134766
4.796170234680176,1.8878803253173828
1.757349967956543,-0.7529010772705078
3.3116300106048584,1.8904953002929688
7.674630165100098,5.62701416015625
14.228400230407715,26.556503295898438
14.100000381469727,23.51447868347168
5.046050071716309,8.461860656738281
10.921299934387207,16.1563720703125
21.6117000579834,21.916683197021484
20.699199676513672,22.022281646728516
220.15199279785156,132.87506103515625
181.9459991455078,104.371337890625
144.79400634765625,104.10466003417969
159.88699340820312,85.8775634765625
58.78630065917969,84.20732116699219
155.7010040283203,97.0799331665039
63.72809982299805,54.37925720214844
4.30511999130249,14.059361457824707
16.463300704956055,15.969383239746094
8.86044979095459,9.610837936401367
17.351499557495117,18.260986328125
1.4019500017166138,1.7134838104248047
2.4080100059509277,1.6778955459594727
4.422100067138672,4.819039821624756
17.214599609375,13.856376647949219
38.62990188598633,35.593074798583984
20.55109977722168,23.872074127197266
21.96109962463379,29.932941436767578
17.097700119018555,22.585529327392578
25.398099899291992,27.44827651977539
24.56369972229004,26.221847534179688
34.834598541259766,29.642963409423828
27.842899322509766,33.3672981262207
26.996200561523438,27.277027130126953
30.14229965209961,29.49456024169922
36.511600494384766,31.03084945678711
37.12030029296875,35.788002014160156
21.31279945373535,19.505647659301758
6.6823601722717285,6.655637741088867
7.368690013885498,4.847599983215332
4.459839820861816,2.319826126098633
1.868280053138733,-0.5976333618164062
8.34982967376709,9.128677368164062
49.03929901123047,67.18708801269531
24.535600662231445,22.586437225341797
124.43800354003906,104.73497009277344
118.88999938964844,137.72003173828125
164.2899932861328,156.50344848632812
172.1300048828125,171.5699462890625
176.3560028076172,175.27896118164062
176.89599609375,176.62203979492188
173.13400268554688,172.59124755859375
162.03199768066406,159.10366821289062
147.26499938964844,150.06475830078125
142.9980010986328,141.7766571044922
127.06199645996094,125.26679992675781
106.19000244140625,104.48497009277344
83.46959686279297,79.16546630859375
57.279998779296875,49.20842742919922
32.70029830932617,27.862363815307617
11.640700340270996,7.7308573722839355
5.066030025482178,1.3812932968139648
1.8382799625396729,-0.12926673889160156
2.181459903717041,1.8109760284423828
11.005900382995605,9.5059175491333
117.68199920654297,58.73031234741211
63.70650100708008,100.19796752929688
102.16600036621094,63.58794403076172
109.13700103759766,38.912532806396484
36.38669967651367,62.129432678222656
86.2844009399414,65.56941223144531
53.21860122680664,62.84314727783203
37.89120101928711,36.92403030395508
90.86750030517578,65.00886535644531
158.81700134277344,159.85101318359375
146.26400756835938,142.24649047851562
128.79299926757812,121.98057556152344
85.14920043945312,111.62647247314453
32.296600341796875,35.38113784790039
24.539100646972656,20.463619232177734
35.09349822998047,37.53731918334961
10.97070026397705,9.063404083251953
4.832180023193359,1.4499549865722656
1.3862600326538086,-0.9986143112182617
6.25984001159668,9.931025505065918
14.676600456237793,20.25225830078125
27.87809944152832,24.957904815673828
34.846099853515625,34.03327941894531
180.24099731445312,125.39701080322266
76.00779724121094,175.73394775390625
178.52099609375,164.47103881835938
174.54400634765625,167.76470947265625
151.71400451660156,155.51889038085938
17.966299057006836,58.9749641418457
18.30069923400879,44.405967712402344
23.397600173950195,24.08209228515625
107.99600219726562,92.62142944335938
37.46120071411133,42.552242279052734
24.74530029296875,21.030757904052734
3.187429904937744,6.743413925170898
8.427729606628418,2.9458909034729004
4.513010025024414,3.582261085510254
8.423600196838379,8.985469818115234
11.828499794006348,14.983380317687988
39.604400634765625,28.942468643188477
14.745800018310547,22.66482162475586
19.55820083618164,27.34288215637207
81.50980377197266,59.14756774902344
50.31399917602539,49.69746780395508
36.22460174560547,30.435787200927734
30.955699920654297,43.49980926513672
47.319698333740234,64.25323486328125
66.20379638671875,62.75870132446289
29.071300506591797,29.59069061279297
23.63629913330078,23.28958511352539
14.079500198364258,14.37588882446289
27.16080093383789,23.301538467407227
21.48080062866211,22.822235107421875
9.294890403747559,11.364718437194824
6.761899948120117,5.039257049560547
2.1436901092529297,0.37798118591308594
2.8069100379943848,2.1893606185913086
6.8521199226379395,6.48797607421875
12.755900382995605,17.870372772216797
46.69340133666992,108.47380065917969
146.6739959716797,138.75621032714844
49.615501403808594,83.75308227539062
40.629398345947266,36.70854949951172
35.855201721191406,41.17375946044922
33.99679946899414,31.243349075317383
41.041099548339844,38.16225814819336
46.08689880371094,43.40740966796875
60.276100158691406,51.6793212890625
58.372501373291016,48.04668426513672
53.970699310302734,41.49211883544922
40.34149932861328,38.854923248291016
33.157901763916016,30.909954071044922
25.56100082397461,21.04583168029785
19.493499755859375,18.180530548095703
13.195300102233887,13.94866943359375
4.600100040435791,1.294203758239746
1.4893399477005005,2.336451530456543
5.90172004699707,6.710326194763184
8.448189735412598,10.875421524047852
15.38290023803711,16.297163009643555
20.525800704956055,26.917207717895508
16.695199966430664,31.077489852905273
22.35110092163086,24.06197738647461
46.379398345947266,39.84113311767578
56.389400482177734,55.91355895996094
51.87310028076172,42.101558685302734
14.848799705505371,21.467506408691406
19.97920036315918,13.089330673217773
14.690899848937988,16.32415008544922
8.475979804992676,7.7809038162231445
11.468799591064453,13.554290771484375
5.444049835205078,4.907934665679932
5.101659774780273,4.354990482330322
1.8328900337219238,1.4425649642944336
2.1169300079345703,2.183821678161621
4.31348991394043,5.790740489959717
1.3250800371170044,1.7456445693969727
2.691499948501587,4.9511919021606445
3.6617400646209717,5.765929698944092
8.392319679260254,7.841915130615234
9.58722972869873,9.641105651855469
4.421989917755127,7.051242828369141
1.8576600551605225,5.276424407958984
9.212590217590332,9.271858215332031
9.427820205688477,8.633623123168945
5.958680152893066,6.747237682342529
5.532400131225586,4.725193977355957
12.276000022888184,12.474201202392578
4.713409900665283,3.397353172302246
6.440579891204834,6.074718475341797
15.698699951171875,37.90673828125
13.575599670410156,28.39702033996582
17.368099212646484,36.326881408691406
42.2422981262207,47.51981735229492
44.11790084838867,42.83096694946289
45.887001037597656,41.47370910644531
43.816001892089844,99.12480926513672
26.73080062866211,22.229022979736328
50.53620147705078,56.77225112915039
39.063499450683594,31.783180236816406
30.175100326538086,23.505062103271484
28.41510009765625,38.731163024902344
122.08399963378906,118.87083435058594
94.35389709472656,121.46981048583984
53.58760070800781,44.8538703918457
60.96670150756836,54.45783996582031
20.7455997467041,11.038979530334473
8.224479675292969,1.3203563690185547
4.009819984436035,0.8062562942504883
4.793729782104492,3.9727306365966797
51.41780090332031,42.8946533203125
56.90480041503906,56.374717712402344
33.985599517822266,32.85103225708008
145.38900756835938,130.48785400390625
79.39929962158203,86.82101440429688
170.4810028076172,130.4698028564453
97.27149963378906,132.48060607910156
177.46800231933594,83.82154083251953
36.277198791503906,81.58938598632812
28.462799072265625,30.64187240600586
16.353599548339844,20.80774688720703
5.51209020614624,8.887897491455078
3.9428598880767822,10.64612102508545
9.305170059204102,11.121519088745117
9.820699691772461,7.575382232666016
4.9078497886657715,5.797496795654297
2.483839988708496,3.2188754081726074
6.041920185089111,3.5247931480407715
10.18529987335205,11.611141204833984
15.051899909973145,19.107681274414062
124.17400360107422,94.50244903564453
146.16799926757812,141.32452392578125
156.6739959716797,157.26611328125
161.7530059814453,165.07894897460938
165.56500244140625,164.95274353027344
164.1490020751953,163.06031799316406
154.8520050048828,151.9416961669922
143.08299255371094,140.80215454101562
132.3990020751953,114.00056457519531
111.73999786376953,109.94664001464844
65.81939697265625,84.70525360107422
72.70480346679688,70.31100463867188
44.990501403808594,38.82886505126953
18.283199310302734,18.470678329467773
7.639190196990967,2.4788103103637695
2.9428699016571045,0.3291635513305664
1.002269983291626,2.3960838317871094
4.658130168914795,5.249453544616699
3.854749917984009,5.771787643432617
12.95680046081543,9.160455703735352
23.775999069213867,26.804231643676758
13.246500015258789,28.621084213256836
16.449899673461914,12.19823169708252
110.19400024414062,46.4622917175293
139.68499755859375,150.40843200683594
159.63600158691406,157.04916381835938
145.68699645996094,140.2872314453125
133.21400451660156,132.5176544189453
115.13200378417969,112.11410522460938
97.0884017944336,54.98963928222656
36.773799896240234,56.41205978393555
42.78310012817383,42.624542236328125
25.25349998474121,19.466333389282227
9.862730026245117,6.016236305236816
3.4100699424743652,0.8030290603637695
2.505500078201294,2.4081287384033203
7.548190116882324,8.589921951293945
15.13010025024414,18.89341163635254
28.692800521850586,31.837434768676758
50.47439956665039,44.466068267822266
29.812700271606445,38.58015060424805
44.779300689697266,44.439422607421875
130.79299926757812,102.86903381347656
166.7100067138672,167.13584899902344
155.26800537109375,118.55499267578125
101.29499816894531,124.05328369140625
99.60549926757812,86.554443359375
119.33200073242188,94.87149047851562
84.9561996459961,94.72219848632812
89.9677963256836,30.533187866210938
48.30220031738281,48.0269775390625
19.578699111938477,14.150908470153809
7.114630222320557,3.056077480316162
2.702130079269409,0.060882568359375
25.697799682617188,22.266006469726562
90.2771987915039,85.90418243408203
109.3550033569336,91.951171875
125.68900299072266,80.49870300292969
147.63600158691406,110.66854858398438
162.21299743652344,152.11099243164062
164.18800354003906,124.38790893554688
165.54100036621094,153.1584930419922
159.11099243164062,148.91493225097656
112.28099822998047,90.69718933105469
140.43800354003906,73.83378601074219
56.95199966430664,69.80027770996094
31.168399810791016,30.102127075195312
33.856300354003906,47.02848815917969
24.3966007232666,32.2359504699707
22.92449951171875,39.94937515258789
17.50320053100586,12.403671264648438
5.5405402183532715,3.4777779579162598
1.7621599435806274,-0.5214614868164062
6.723050117492676,5.411008358001709
9.938119888305664,16.855117797851562
16.49799919128418,20.933975219726562
37.672298431396484,47.91073989868164
128.3209991455078,86.40869140625
134.00900268554688,138.2600860595703
156.07000732421875,142.59414672851562
127.06300354003906,108.09821319580078
96.38269805908203,86.80540466308594
144.64500427246094,123.20062255859375
148.43499755859375,131.533203125
132.2220001220703,122.863525390625
32.040199279785156,55.3227424621582
18.286100387573242,21.781461715698242
13.908499717712402,21.96596908569336
10.841699600219727,15.125458717346191
10.449000358581543,8.560131072998047
8.458319664001465,5.992745876312256
1.875380039215088,-0.2942476272583008
13.071800231933594,16.860206604003906
73.12680053710938,68.5108642578125
70.0167007446289,84.58024597167969
129.05099487304688,124.8841781616211
148.3769989013672,151.68746948242188
158.9600067138672,160.70420837402344
165.78700256347656,167.42506408691406
166.21299743652344,169.91993713378906
152.31500244140625,78.2796630859375
95.37259674072266,100.46788024902344
87.95960235595703,122.66030883789062
21.016199111938477,28.913013458251953
15.843299865722656,23.85301971435547
9.738869667053223,14.348808288574219
12.569299697875977,13.095617294311523
7.49036979675293,7.035262584686279
5.07112979888916,2.1376590728759766
8.605620384216309,4.489161014556885
1.7339600324630737,-0.3891134262084961
1.5036499500274658,1.1130609512329102
2.60044002532959,3.94467830657959
9.142049789428711,10.560347557067871
13.690999984741211,15.331280708312988
23.358999252319336,31.947765350341797
128.66000366210938,76.57356262207031
103.01399993896484,88.07147216796875
31.8799991607666,67.5490493774414
31.181100845336914,29.597206115722656
44.46229934692383,59.01953125
16.59600067138672,31.239395141601562
48.42900085449219,53.35243606567383
111.51699829101562,89.54957580566406
30.537200927734375,48.95598220825195
10.75100040435791,9.796442985534668
2.706160068511963,3.5659074783325195
2.9968700408935547,2.3515233993530273
2.4128599166870117,0.3927755355834961
2.1660900115966797,1.773390769958496
33.347801208496094,11.876007080078125
81.86630249023438,43.777549743652344
128.4969940185547,115.39921569824219
142.31700134277344,141.7183837890625
150.48899841308594,153.15359497070312
156.61300659179688,156.26307678222656
160.9510040283203,157.64559936523438
154.2209930419922,155.1704559326172
144.50799560546875,142.47938537597656
134.8730010986328,98.11796569824219
71.49210357666016,81.2805404663086
42.027099609375,86.70700073242188
25.244400024414062,25.364036560058594
73.43329620361328,55.987937927246094
20.294599533081055,18.435054779052734
6.507810115814209,7.112212657928467
6.9757399559021,7.310876369476318
31.13050079345703,23.06689453125
84.19960021972656,37.589542388916016
127.1719970703125,121.21232604980469
136.7729949951172,107.91423797607422
151.32200622558594,149.794677734375
157.2050018310547,158.14138793945312
160.1540069580078,153.3584442138672
153.66000366210938,140.3265838623047
126.84100341796875,127.8889389038086
39.04309844970703,45.58129119873047
44.01530075073242,58.89716720581055
25.158899307250977,34.8493537902832
17.24920082092285,20.165428161621094
11.638299942016602,11.01591968536377
5.575089931488037,8.02408504486084
1.3680499792099,0.45536327362060547
1.0610400438308716,0.9490327835083008
3.585890054702759,6.833517551422119
14.41349983215332,13.706949234008789
37.402099609375,30.58658218383789
13.284299850463867,25.102806091308594
9.6451997756958,13.147912979125977
19.9064998626709,24.48097801208496
47.20000076293945,39.48370361328125
20.35379981994629,29.567108154296875
22.641799926757812,22.655366897583008
21.269800186157227,27.439212799072266
17.877199172973633,12.618673324584961
31.044700622558594,23.527118682861328
22.29210090637207,21.065128326416016
18.669099807739258,14.716424942016602
11.849699974060059,14.360208511352539
5.900909900665283,7.91700553894043
1.0447800159454346,1.9941730499267578
7.737949848175049,12.50570011138916
17.660499572753906,24.89128875732422
9.678850173950195,13.832642555236816
10.784000396728516,12.112579345703125
21.11590003967285,25.744583129882812
19.938499450683594,25.398897171020508
19.220600128173828,19.283287048339844
67.25460052490234,37.811073303222656
22.089500427246094,21.337692260742188
22.162099838256836,18.01937484741211
28.24810028076172,24.027551651000977
40.77439880371094,31.11350440979004
24.535900115966797,19.783973693847656
10.48289966583252,7.3975982666015625
2.8974199295043945,1.1182708740234375
2.545880079269409,0.16328144073486328
1.8749300241470337,2.1786231994628906
4.2875800132751465,6.214449405670166
4.818270206451416,5.047008991241455
7.361700057983398,5.660878658294678
11.595399856567383,11.036964416503906
12.029899597167969,12.641847610473633
14.77810001373291,13.721257209777832
16.16900062561035,13.489776611328125
14.090999603271484,11.070819854736328
18.247100830078125,15.07587718963623
16.013500213623047,14.098932266235352
13.35830020904541,10.791072845458984
11.399900436401367,11.948097229003906
6.997230052947998,7.53889274597168
7.549439907073975,7.358686923980713
3.6607000827789307,3.7283849716186523
1.0977799892425537,2.1234912872314453
2.3407599925994873,2.064817428588867
3.841749906539917,3.6538524627685547
5.61745023727417,4.621646404266357
8.60593032836914,8.192760467529297
7.930980205535889,7.707897663116455
8.989789962768555,9.31890869140625
11.24120044708252,9.980409622192383
7.8846001625061035,8.41490364074707
9.266960144042969,7.4877848625183105
9.427590370178223,5.888561725616455
17.99850082397461,13.819162368774414
11.534899711608887,10.975015640258789
9.395770072937012,7.99683952331543
6.3403401374816895,5.862945556640625
4.437099933624268,3.54179048538208
1.267300009727478,-0.9372568130493164
2.224400043487549,1.4475631713867188
4.249929904937744,3.088252544403076
5.865059852600098,5.392727851867676
6.976830005645752,5.538907527923584
6.362979888916016,8.721778869628906
13.188300132751465,12.072186470031738
8.577509880065918,9.27641487121582
7.13247013092041,8.405485153198242
7.144929885864258,6.260815143585205
5.781439781188965,5.247516632080078
4.1164398193359375,3.076450824737549
6.887119770050049,5.37705659866333
4.030049800872803,4.712626934051514
1.6244200468063354,2.1230735778808594
4.74724006652832,5.7233734130859375
10.902000427246094,10.143359184265137
9.319310188293457,10.691410064697266
7.795919895172119,10.509294509887695
13.540499687194824,14.74834156036377
11.265899658203125,11.755561828613281
15.376399993896484,10.760625839233398
11.998200416564941,12.599769592285156
6.7762298583984375,7.916903972625732
7.183489799499512,6.109632968902588
9.054140090942383,5.299022197723389
4.445059776306152,4.533483982086182
3.233139991760254,3.1686644554138184
3.409140110015869,4.209305763244629
1.0862300395965576,0.6216773986816406
1.9208199977874756,1.6466388702392578
2.783179998397827,2.3105363845825195
3.724479913711548,3.247096538543701
4.390190124511719,5.111287593841553
7.207099914550781,7.846670150756836
8.089019775390625,8.544153213500977
7.499839782714844,7.786884784698486
6.718170166015625,6.920609951019287
7.393159866333008,6.0532121658325195
5.860350131988525,4.927093505859375
5.463709831237793,2.962742328643799
4.473420143127441,2.310321807861328
2.202120065689087,1.0398015975952148
1.964050054550171,1.906270980834961
1.051169991493225,-0.3514680862426758
3.081480026245117,2.849945068359375
4.417099952697754,3.0461039543151855
6.147560119628906,5.6375041007995605
7.178219795227051,8.104177474975586
7.661240100860596,8.490348815917969
8.271389961242676,8.190258979797363
9.15194034576416,7.529228210449219
9.265789985656738,7.780880928039551
8.73412036895752,5.608757972717285
6.845560073852539,4.618749618530273
6.151619911193848,2.5247955322265625
3.147130012512207,1.4836463928222656
2.614069938659668,2.711620330810547
2.554529905319214,2.689149856567383
4.018549919128418,3.5317955017089844
3.9099199771881104,4.069058418273926
6.096630096435547,6.900750160217285
18.97089958190918,19.417158126831055
17.891700744628906,18.838764190673828
27.11400032043457,30.357486724853516
31.1914005279541,31.28555679321289
41.47570037841797,32.69343948364258
48.030799865722656,49.20207977294922
27.148300170898438,30.644336700439453
9.583800315856934,8.602921485900879
6.6929402351379395,5.951701641082764
4.6168599128723145,4.295029163360596
4.423230171203613,4.423261642456055
6.120309829711914,9.67533016204834
2.2557499408721924,4.610269546508789
11.53600025177002,12.598288536071777
11.732999801635742,12.208291053771973
25.86400032043457,31.20952033996582
45.182498931884766,46.97478103637695
25.021299362182617,25.822467803955078
31.33650016784668,29.689647674560547
35.62200164794922,38.035091400146484
20.938600540161133,16.313453674316406
31.958499908447266,29.910717010498047
19.34280014038086,17.89636993408203
14.196000099182129,11.579545974731445
12.766400337219238,16.960241317749023
6.994659900665283,5.4590535163879395
2.2727599143981934,0.4495668411254883
2.6745901107788086,4.448833465576172
5.180759906768799,5.051263332366943
6.7495198249816895,6.34105110168457
7.8335700035095215,7.886176586151123
9.256699562072754,9.685632705688477
12.613300323486328,13.328235626220703
10.56760025024414,10.23811149597168
14.981499671936035,16.442916870117188
19.230499267578125,15.01468276977539
18.384300231933594,14.665148735046387
25.020099639892578,16.489809036254883
50.2599983215332,35.408668518066406
21.202899932861328,28.589637756347656
10.538900375366211,8.510385513305664
5.064050197601318,1.6966266632080078
2.533440113067627,2.407888412475586
3.543459892272949,3.242654800415039
5.400750160217285,5.853235244750977
8.731820106506348,6.976086616516113
9.552729606628418,10.716733932495117
6.303639888763428,9.148919105529785
6.704410076141357,7.843528747558594
7.780980110168457,7.235913276672363
10.981200218200684,9.35749340057373
10.723299980163574,7.495359420776367
11.979299545288086,9.686991691589355
6.873119831085205,5.507050037384033
6.096069812774658,5.041069507598877
2.3356900215148926,2.4308853149414062
2.2704899311065674,1.6511821746826172
3.964639902114868,2.46331787109375
6.288650035858154,5.585317611694336
15.017999649047852,12.344564437866211
13.372099876403809,12.850807189941406
12.788700103759766,11.59947395324707
12.200400352478027,10.600921630859375
11.859800338745117,9.349416732788086
13.998100280761719,9.967370986938477
13.244400024414062,11.320475578308105
15.041500091552734,13.34143352508545
9.991920471191406,11.432998657226562
4.068459987640381,3.3941702842712402
1.1551599502563477,0.28289794921875
11.463899612426758,14.232304573059082
7.098249912261963,6.266451358795166
22.7987003326416,34.44206237792969
8.09043025970459,10.313916206359863
26.65399932861328,20.811416625976562
15.29990005493164,19.314424514770508
20.669599533081055,23.093517303466797
20.09510040283203,18.297607421875
9.523110389709473,13.224555969238281
5.24783992767334,7.827406883239746
9.668390274047852,10.587087631225586
4.3302998542785645,4.214292526245117
1.0291600227355957,0.8373641967773438
3.1777100563049316,1.9331560134887695
1.9074100255966187,1.5518817901611328
9.032600402832031,9.595376968383789
13.60569953918457,28.967266082763672
19.95319938659668,25.082191467285156
25.7637996673584,27.68206214904785
40.84230041503906,39.61609649658203
115.84700012207031,104.56523132324219
134.5749969482422,123.96383666992188
123.61399841308594,109.94972229003906
109.72699737548828,101.00918579101562
30.335500717163086,42.88924026489258
76.56620025634766,47.68085479736328
28.47920036315918,38.420372009277344
21.16939926147461,19.74338722229004
14.36769962310791,14.401851654052734
6.027569770812988,1.9983015060424805
4.152299880981445,4.083553791046143
7.743490219116211,8.575581550598145
12.981399536132812,13.739072799682617
26.02739906311035,30.248977661132812
54.26240158081055,60.878517150878906
81.47239685058594,58.862789154052734
120.31999969482422,115.53422546386719
101.61199951171875,98.23028564453125
77.55490112304688,83.21784973144531
95.87689971923828,94.29823303222656
44.25619888305664,53.83275604248047
29.365800857543945,29.13298988342285
30.29330062866211,26.784412384033203
47.703399658203125,42.24995422363281
16.466999053955078,16.94766616821289
8.506279945373535,3.476886749267578
1.6828099489212036,-0.4452552795410156
18.76490020751953,13.341127395629883
25.316699981689453,26.16156578063965
87.9718017578125,85.31129455566406
108.43599700927734,83.42866516113281
23.188100814819336,56.435211181640625
26.49180030822754,25.508750915527344
20.16550064086914,28.615270614624023
58.715999603271484,54.41952896118164
45.360198974609375,32.550140380859375
40.97959899902344,35.3191032409668
41.74020004272461,55.797088623046875
21.57029914855957,36.46631622314453
17.29520034790039,19.289291381835938
7.778950214385986,5.243677139282227
2.3511300086975098,0.6919898986816406
4.298830032348633,3.9570093154907227
6.30226993560791,5.105342388153076
9.845490455627441,14.013980865478516
13.910699844360352,18.478946685791016
12.604999542236328,13.779228210449219
16.595699310302734,15.92626953125
19.81760025024414,13.857584953308105
32.43870162963867,22.923311233520508
20.41670036315918,17.424787521362305
18.86750030517578,15.032562255859375
36.42430114746094,14.993828773498535
69.89109802246094,62.738834381103516
37.81629943847656,39.53184509277344
13.55150032043457,14.123893737792969
7.281710147857666,1.7796621322631836
1.4561599493026733,-0.4094266891479492
1.7733399868011475,1.2340421676635742
4.271850109100342,4.897735118865967
8.465049743652344,9.13197135925293
15.79419994354248,17.965106964111328
21.833999633789062,27.779037475585938
38.8568000793457,39.98767852783203
61.218101501464844,44.23975372314453
31.526500701904297,40.55319595336914
43.61920166015625,32.971012115478516
29.961000442504883,27.04625129699707
27.638700485229492,24.882150650024414
21.06450080871582,17.266965866088867
19.601200103759766,16.282493591308594
13.135100364685059,9.266580581665039
9.162529945373535,10.460119247436523
2.639009952545166,0.7740640640258789
3.35752010345459,4.086862564086914
5.7988600730896,4.184530735015869
5.7573699951171875,5.103973388671875
7.2801899909973145,5.308759689331055
9.556730270385742,13.8055419921875
9.229399681091309,10.046158790588379
25.81800079345703,22.48282241821289
22.04210090637207,31.61630630493164
14.429200172424316,11.958166122436523
21.931800842285156,22.380146026611328
21.58370018005371,20.487064361572266
11.470000267028809,9.137460708618164
8.22404956817627,4.755542278289795
5.276299953460693,2.3568592071533203
3.75957989692688,4.242922782897949
9.51848030090332,11.399141311645508
9.664569854736328,6.496592044830322
6.205420017242432,10.623136520385742
30.89459991455078,13.126945495605469
7.99360990524292,19.905216217041016
13.31410026550293,13.623899459838867
10.423299789428711,22.509578704833984
6.805309772491455,10.975496292114258
3.5238800048828125,7.609069347381592
5.545909881591797,5.129744052886963
8.102529525756836,7.392655849456787
2.043570041656494,2.756209373474121
2.2530601024627686,2.156081199645996
4.740839958190918,4.357083320617676
14.1427001953125,16.991106033325195
15.747300148010254,19.65172004699707
27.56570053100586,34.94173049926758
38.764198303222656,69.24491882324219
43.350799560546875,38.734622955322266
19.970300674438477,22.553529739379883
16.725200653076172,17.96265983581543
23.53459930419922,19.99827003479004
17.004899978637695,13.992294311523438
14.108099937438965,13.28420639038086
6.284890174865723,4.7175092697143555
3.389359951019287,1.8378982543945312
4.194759845733643,2.963317394256592
1.3757400512695312,1.634230613708496
2.385699987411499,3.4742159843444824
2.531169891357422,5.079905033111572
3.7726500034332275,5.6705403327941895
4.513700008392334,5.787235736846924
6.11959981918335,5.326292037963867
7.698430061340332,4.984109401702881
9.302390098571777,5.331241607666016
9.808509826660156,9.69085693359375
11.412799835205078,7.614488124847412
14.181599617004395,12.624180793762207
6.368810176849365,6.582049369812012
4.219120025634766,0.3006763458251953
5.2559099197387695,2.113286018371582
3.2107698917388916,5.790498733520508
11.100799560546875,14.75764274597168
12.58240032196045,12.266312599182129
59.4453010559082,43.2072868347168
141.0749969482422,116.23382568359375
143.33799743652344,126.51786804199219
151.63299560546875,104.80323028564453
29.10460090637207,105.5683364868164
51.40140151977539,71.87016296386719
118.94499969482422,101.10298156738281
38.270198822021484,67.24064636230469
44.56209945678711,65.18841552734375
16.00469970703125,29.642698287963867
6.040579795837402,3.8512344360351562
1.9141900539398193,-1.2003250122070312
58.67210006713867,46.882911682128906
90.25759887695312,87.8122329711914
18.380300521850586,43.83442687988281
107.77100372314453,87.08392333984375
155.03799438476562,105.03467559814453
3.3864998817443848,29.41735076904297
39.92409896850586,47.186946868896484
110.21199798583984,117.48402404785156
120.35700225830078,86.55642700195312
127.10299682617188,116.2012710571289
61.707000732421875,63.547279357910156
28.586200714111328,23.176624298095703
6.624569892883301,3.444675922393799
6.887969970703125,6.802049160003662
6.683909893035889,7.888306617736816
7.155389785766602,25.71390151977539
4.779339790344238,12.254440307617188
39.5906982421875,31.349435806274414
47.698699951171875,13.754634857177734
119.56900024414062,108.36442565917969
27.715900421142578,93.06906127929688
93.89949798583984,107.83765411376953
25.7632999420166,42.90275573730469
41.62269973754883,43.439308166503906
4.853899955749512,7.216113567352295
4.419849872589111,2.976935863494873
15.229399681091309,6.596933841705322
2.133820056915283,2.861788272857666
1.8375500440597534,3.586416721343994
2.9557600021362305,4.063030242919922
2.33132004737854,5.408334732055664
3.4359500408172607,5.09549617767334
1.948199987411499,3.536348819732666
3.325000047683716,2.186800003051758
4.84197998046875,5.246672630310059
7.869870185852051,6.420104026794434
7.455510139465332,9.535775184631348
11.226200103759766,11.609333038330078
12.955300331115723,13.50686264038086
11.890700340270996,9.838723182678223
13.985799789428711,13.931890487670898
23.611799240112305,25.598716735839844
32.54750061035156,31.57076644897461
51.60089874267578,34.62694549560547
33.76449966430664,31.439146041870117
11.46969985961914,4.0810747146606445
5.355800151824951,4.0538506507873535
18.560699462890625,14.888374328613281
36.80149841308594,39.56470489501953
78.72250366210938,79.35208129882812
13.775500297546387,34.612937927246094
34.27640151977539,52.425865173339844
10.825599670410156,12.299983978271484
22.528099060058594,46.74065399169922
127.14299774169922,98.16842651367188
44.18949890136719,80.55480194091797
97.10289764404297,65.61126708984375
53.044498443603516,70.09648132324219
58.6781005859375,47.92725372314453
43.35900115966797,50.10040283203125
17.684799194335938,3.2664012908935547
3.065929889678955,-0.5751256942749023
18.475000381469727,14.219463348388672
76.3550033569336,74.82140350341797
98.47920227050781,104.09553527832031
112.8219985961914,116.10807800292969
121.76300048828125,126.78142547607422
127.9990005493164,130.45819091796875
127.90899658203125,129.21725463867188
123.77200317382812,126.19194030761719
112.70099639892578,113.25660705566406
99.38500213623047,98.13815307617188
82.53630065917969,78.71564483642578
61.27750015258789,53.47298812866211
39.33409881591797,35.30199432373047
17.500499725341797,11.926246643066406
1.8873000144958496,-1.1717119216918945
3.10506010055542,2.310685157775879
65.06390380859375,58.208770751953125
104.9229965209961,80.67622375488281
18.285400390625,60.41450500488281
38.78919982910156,61.454742431640625
124.74199676513672,114.58622741699219
123.802001953125,116.6166000366211
117.84200286865234,114.19096374511719
110.3239974975586,107.46292877197266
96.97429656982422,95.13284301757812
79.68879699707031,71.61544036865234
31.975900650024414,38.183067321777344
34.0078010559082,17.20302391052246
11.353799819946289,13.344610214233398
1.604830026626587,0.1099863052368164
4.561450004577637,7.9877800941467285
9.810720443725586,11.792638778686523
22.876300811767578,31.43204116821289
25.993000030517578,34.143898010253906
79.57140350341797,54.86436080932617
94.78520202636719,76.17805480957031
50.94839859008789,62.75226974487305
53.01470184326172,48.69210433959961
53.30979919433594,58.49455261230469
27.747100830078125,23.403947830200195
51.27730178833008,50.87625503540039
19.859100341796875,22.49030113220215
13.005900382995605,9.494851112365723
4.165619850158691,1.3603105545043945
2.8840301036834717,1.6758499145507812
11.565899848937988,17.746627807617188
11.47719955444336,18.638999938964844
17.54170036315918,20.732500076293945
137.62899780273438,98.36283874511719
138.18800354003906,137.42340087890625
28.277099609375,51.37224197387695
109.61499786376953,118.14216613769531
79.8655014038086,75.34178161621094
114.97599792480469,68.46183776855469
83.32460021972656,80.0728759765625
8.744500160217285,19.176563262939453
3.2014999389648438,2.8845763206481934
2.9595398902893066,-0.16104412078857422
3.729259967803955,3.6252622604370117
14.255800247192383,25.366424560546875
11.628399848937988,40.49718475341797
96.13590240478516,93.13508605957031
106.89600372314453,88.12991333007812
51.33470153808594,91.73422241210938
25.02090072631836,37.010250091552734
52.79010009765625,41.5660400390625
54.0703010559082,60.10755157470703
28.857900619506836,33.3949089050293
16.815799713134766,19.73192596435547
1.728279948234558,3.8460144996643066
1.3387099504470825,2.152759552001953
3.824620008468628,0.9463634490966797
